_neutral,browDownLeft,browDownRight,browInnerUp,browOuterUpLeft,browOuterUpRight,cheekPuff,cheekSquintLeft,cheekSquintRight,eyeBlinkLeft,eyeBlinkRight,eyeLookDownLeft,eyeLookDownRight,eyeLookInLeft,eyeLookInRight,eyeLookOutLeft,eyeLookOutRight,eyeLookUpLeft,eyeLookUpRight,eyeSquintLeft,eyeSquintRight,eyeWideLeft,eyeWideRight,jawForward,jawLeft,jawOpen,jawRight,mouthClose,mouthDimpleLeft,mouthDimpleRight,mouthFrownLeft,mouthFrownRight,mouthFunnel,mouthLeft,mouthLowerDownLeft,mouthLowerDownRight,mouthPressLeft,mouthPressRight,mouthPucker,mouthRight,mouthRollLower,mouthRollUpper,mouthShrugLower,mouthShrugUpper,mouthSmileLeft,mouthSmileRight,mouthStretchLeft,mouthStretchRight,mouthUpperUpLeft,mouthUpperUpRight,noseSneerLeft,noseSneerRight,start,end,dur,frame_t,frame_k
5.476341016219521e-07,0.001313182758167386,0.0016152383759617805,0.2644140422344208,0.44055795669555664,0.10434658080339432,1.312435506406473e-05,1.8595858364278683e-07,9.92922295495191e-08,0.06270896643400192,0.0834527537226677,0.02528124488890171,0.07883825153112411,0.8543689846992493,0.0009365215664729476,0.0016409001545980573,0.8715477585792542,0.3369506895542145,0.1774340122938156,0.6297603845596313,0.30793219804763794,0.030212746933102608,0.0051417569629848,4.534024265012704e-05,0.0356086902320385,0.007907845079898834,9.742720067151822e-06,0.0017877519130706787,0.003046684432774782,0.00034661326208151877,0.020277224481105804,0.019646143540740013,0.0006264798576012254,0.11338059604167938,0.0003810437337961048,0.00021369877504184842,0.01872383989393711,0.026385348290205002,0.06369929015636444,1.8213513612863608e-06,0.06204722076654434,0.018788563087582588,0.150100976228714,0.0035851935390383005,3.144221773254685e-05,1.2666189832089003e-05,0.004029739648103714,0.0009590897243469954,1.5547604562016204e-05,1.632920429983642e-05,5.148738750904158e-07,3.5956367128164857e-07,7557.663,7561.207,3.5440000000007785,7558.2536666666665,0
1.171775693364907e-06,0.6404936909675598,0.595522940158844,4.719034404843114e-05,0.0005586884217336774,0.00045530570787377656,0.00010658354585757479,6.825862897130719e-08,8.503110393576208e-08,0.2712962329387665,0.20244702696800232,0.19125819206237793,0.1898617297410965,0.1242985650897026,0.054220084100961685,0.04040001705288887,0.11415649205446243,0.08551742881536484,0.08444856107234955,0.7863694429397583,0.6994726061820984,0.003317594761028886,0.0009509972296655178,0.000798502005636692,0.028111867606639862,0.023168228566646576,4.6739323806832545e-06,0.00455035176128149,0.012013773433864117,0.005812799092382193,0.001238922355696559,0.0012433526571840048,0.0055839321576058865,0.0031474032439291477,0.005280104000121355,0.00666330149397254,0.04661419242620468,0.054006461054086685,0.002396068535745144,1.6011004845495336e-05,0.005334072280675173,0.011359598487615585,0.0009520198218524456,0.002511085942387581,0.02643469162285328,0.01781867817044258,0.0163031667470932,0.005694807507097721,0.0013099242933094501,0.0013300362043082714,1.8419426339733036e-07,6.305911597337399e-07,7572.513,7576.293,3.7799999999997453,7573.143,0
3.5814545640278084e-07,0.6005332469940186,0.5336098670959473,0.00040650475420989096,0.0011146165197715163,0.0014695296995341778,1.1561252904357389e-05,1.97639451471332e-08,3.13410382091206e-08,0.3733971416950226,0.4514206051826477,0.261237233877182,0.335978627204895,0.25545087456703186,0.020285271108150482,0.021808676421642303,0.2643611431121826,0.06234988942742348,0.03744463250041008,0.7804920077323914,0.6774539947509766,0.0035636634565889835,0.00032927573192864656,4.8702131607569754e-05,0.03615085408091545,0.006509735248982906,4.955872100254055e-06,0.0019171186722815037,0.0027511087246239185,0.0009162050555460155,0.0006579536129720509,0.0007171742618083954,0.0017626398475840688,0.12746134400367737,0.0003774052602238953,0.00021964825282339007,0.0031857723370194435,0.006369933020323515,0.2503119111061096,2.9516850190702826e-06,0.011007994413375854,0.011056684888899326,0.01398496050387621,0.001482981606386602,4.2554802348604426e-05,1.7376574760419317e-05,0.0008053964702412486,0.00040776433888822794,2.8680353352683596e-05,2.7380072424421087e-05,2.5325215347038466e-07,1.353660792347e-07,7581.187,7584.713,3.52599999999984,7581.774666666666,0
6.896780035958727e-08,0.002566020702943206,0.015305470675230026,0.11905345320701599,0.40393346548080444,0.01778385415673256,2.709024556679651e-06,9.907785702978344e-09,1.608167821132156e-08,0.05569816380739212,0.2600860297679901,0.02482876181602478,0.11136841773986816,0.10149528831243515,0.3132031261920929,0.10035001486539841,0.013295076787471771,0.3173639178276062,0.09540772438049316,0.24140118062496185,0.2949633300304413,0.020184094086289406,0.0008980729035101831,2.1035952158854343e-05,0.015031399205327034,0.0012352507328614593,1.0284363270329777e-05,0.00010739933350123465,0.0006344791036099195,0.0008557338151149452,0.014834289439022541,0.0067075989209115505,0.0008564133895561099,0.16681531071662903,0.0005786261172033846,0.00019188194710295647,0.004937734920531511,0.02522468753159046,0.14732734858989716,1.1080152262366028e-06,0.01026171911507845,0.0026997907552868128,0.14193195104599,0.0094144931063056,1.1040343451895751e-05,7.461902441718848e-06,0.0052261436358094215,0.00019326109031680971,1.627494566491805e-05,5.603899626294151e-05,1.0616494137138943e-06,2.2620913142645804e-08,7612.625,7616.945,4.319999999999709,7613.345,0
1.3488197510014288e-06,0.06205539405345917,0.062064722180366516,0.008137187920510769,0.09270860999822617,0.018000774085521698,0.000812490179669112,3.424201224788703e-07,5.050385993854434e-07,0.13396905362606049,0.27761322259902954,0.24443085491657257,0.24924232065677643,0.03828960657119751,0.1579372137784958,0.16050732135772705,0.05423911660909653,0.05671713873744011,0.035520799458026886,0.5417159199714661,0.4464191496372223,0.01050279475748539,0.0006652019801549613,0.005684736650437117,0.02540343813598156,0.041042547672986984,8.254243766714353e-06,0.000942818121984601,0.0020875262562185526,0.013497082516551018,0.00540692126378417,0.003824318526312709,0.010211843997240067,4.867836105404422e-05,0.24782928824424744,0.2792441248893738,0.02904193475842476,0.05105261132121086,0.0007997718639671803,0.0007640269468538463,0.005142381880432367,0.0349394865334034,0.0005786514957435429,0.005913392640650272,0.11792802065610886,0.1257135272026062,0.450376957654953,0.3397824466228485,0.17476828396320343,0.35358232259750366,1.8453515622240957e-06,2.3084687654773006e-06,7617.147,7620.792,3.6450000000004366,7617.7545,0
9.07187029497436e-07,0.005115085281431675,0.013396479189395905,0.16457143425941467,0.21801500022411346,0.013038543984293938,0.0005106724565848708,3.5787607544079947e-07,2.2124970655568177e-07,0.4294035732746124,0.451402485370636,0.15763205289840698,0.23848691582679749,0.1804729402065277,0.13909921050071716,0.03506375104188919,0.0541631244122982,0.0835619568824768,0.03342641890048981,0.5998091101646423,0.3809470236301422,0.0027725419495254755,0.00024071999359875917,0.005152096971869469,0.07161868363618851,0.09300729632377625,1.4683146218885668e-05,0.001750377588905394,0.0015954221598803997,0.015570172108709812,0.004920366685837507,0.002848048461601138,0.015179644338786602,0.0005141703877598047,0.20398688316345215,0.19448629021644592,0.02374427206814289,0.08869709074497223,0.0012655641185119748,7.382145849987864e-05,0.003785619279369712,0.018756486475467682,0.0010073328157886863,0.013041931204497814,0.10538472980260849,0.15444155037403107,0.19950541853904724,0.21274356544017792,0.0763167217373848,0.17365843057632446,1.8592749029266997e-06,1.5250230944729992e-06,7624.91,7630.225,5.315000000000509,7625.795833333334,0
1.4154124983178917e-06,0.005907402839511633,0.03082309104502201,0.0745796486735344,0.2972363233566284,0.025039067491889,2.702027268242091e-05,1.0203186917578932e-07,8.505624293775327e-08,0.2637389898300171,0.4323683977127075,0.20685765147209167,0.2258811891078949,0.011899004690349102,0.39672353863716125,0.42712000012397766,0.0069333272986114025,0.06426952034235,0.038691237568855286,0.6390444040298462,0.4562380611896515,0.004624498076736927,0.0002148164639947936,0.00022660392278339714,0.011071021668612957,0.0012883548624813557,4.833933644476929e-07,0.0002839210210368037,0.002749842591583729,0.003202039049938321,0.11225458234548569,0.10980958491563797,0.0005039387615397573,0.0012675703037530184,0.0004038801125716418,0.00047794179408811033,0.09421902149915695,0.10065513104200363,0.0015560789033770561,6.539345486089587e-05,0.0054851374588906765,0.0016970176948234439,0.0413576103746891,0.011131114326417446,0.014798395335674286,0.010466324165463448,0.09635043144226074,0.09543751180171967,0.0011781007051467896,0.002002009656280279,2.0099257653782843e-06,6.837667569925543e-07,7630.799,7633.87,3.0709999999999127,7631.310833333333,0
1.4250954336603172e-06,0.09731926023960114,0.15583212673664093,0.014690934680402279,0.017719659954309464,0.0033299822825938463,1.4163390005705878e-05,8.963088049540602e-08,5.7220727711637664e-08,0.15171094238758087,0.2427477389574051,0.13584838807582855,0.1451490819454193,0.03708537295460701,0.16562791168689728,0.17439554631710052,0.019512701779603958,0.09272228926420212,0.059772100299596786,0.5691585540771484,0.5292561650276184,0.006185282953083515,0.0006470448570325971,8.221882308134809e-05,0.007179270498454571,0.0035645358730107546,2.0107252112211427e-06,0.0012758554657921195,0.0033469288609921932,0.002712849760428071,0.03629779815673828,0.04439748823642731,0.0003399394918233156,0.0011616228148341179,0.0003998186730314046,0.000248631346039474,0.07046160846948624,0.152547687292099,0.0014040537644177675,7.554802141385153e-05,0.011910908855497837,0.0032542881090193987,0.0529882088303566,0.00752878375351429,0.003445807844400406,0.003134861122816801,0.01510715577751398,0.02549637109041214,0.00015414539666380733,0.00023431582667399198,4.798978352482663e-07,6.514160304504912e-07,7635.794,7640.131,4.337000000000444,7636.516833333333,0
2.2569918201043038e-06,0.5867536067962646,0.5342575311660767,0.00021916018158663064,0.000455063593108207,0.0006859441637061536,0.000304083718219772,8.334373546858842e-07,4.5067483256389096e-07,0.2604108452796936,0.11851787567138672,0.2420649379491806,0.2194059193134308,0.05600457638502121,0.1111128032207489,0.08961520344018936,0.04128390550613403,0.0645979568362236,0.08663143217563629,0.8091136813163757,0.787360668182373,0.001937944907695055,0.005008420906960964,0.0010201672557741404,0.01553032360970974,0.1967047154903412,3.3615604479564354e-05,0.016415400430560112,0.0035285349003970623,0.003157528582960367,0.0009393678628839552,0.0007527375128120184,0.009214984253048897,0.005797893740236759,0.01820007711648941,0.028067363426089287,0.013141725212335587,0.01814090833067894,0.004433316644281149,1.4312299754237756e-05,0.006795419845730066,0.03112143836915493,0.0005490214098244905,0.004576255101710558,0.6595683693885803,0.5668468475341797,0.04834024980664253,0.026307132095098495,0.00837362464517355,0.011202708818018436,1.2978176755495952e-07,3.327975719003007e-06,7700.56,7708.07,7.509999999999309,7701.8116666666665,0
1.8749784658211865e-06,0.24805423617362976,0.290518581867218,0.0015807285672053695,0.0063132308423519135,0.0057141962461173534,1.2356437764537986e-05,4.3092248347420536e-07,3.717296976901707e-07,0.42724302411079407,0.23780584335327148,0.15549544990062714,0.12094951421022415,0.04862598702311516,0.18045468628406525,0.14477252960205078,0.016876816749572754,0.08107718825340271,0.11882852762937546,0.8136127591133118,0.8354735374450684,0.0010202758712694049,0.002701853634789586,2.9153610739740543e-05,0.004731415305286646,0.20881880819797516,0.0014742659404873848,0.10579240322113037,0.00323169375769794,0.0010727854678407311,2.9690772862522863e-05,5.5757111113052815e-05,0.011177071370184422,0.020578473806381226,0.0005818182835355401,0.0009319364326074719,0.0011484742863103747,0.000967959756962955,0.9492973685264587,0.00029471059679053724,0.08391042053699493,0.14465005695819855,0.00906948558986187,0.0020767871756106615,5.519586920854636e-07,2.5173036988235253e-07,1.615179280634038e-05,0.00015802175039425492,6.6965217229153495e-06,4.3412023842392955e-06,4.299377280858607e-07,2.8222586934134597e-07,7709.065,7712.153,3.0880000000006476,7709.5796666666665,0
1.6457069023090298e-06,0.024892348796129227,0.15118959546089172,0.01590174064040184,0.06501388549804688,0.004072550684213638,0.0007649495964869857,2.197549946458821e-07,2.7571076088861446e-07,0.27368828654289246,0.4679897129535675,0.2242749035358429,0.3760639429092407,0.3862072229385376,0.02159997448325157,0.007983949035406113,0.28330883383750916,0.0819435864686966,0.01794249378144741,0.7588814496994019,0.4120732247829437,0.004761015065014362,0.00024556188145652413,0.0028528000693768263,0.03639679029583931,0.13355053961277008,2.4180311811505817e-05,0.00812491588294506,0.0040030344389379025,0.018954910337924957,0.0004526156117208302,0.00023611239157617092,0.011845342814922333,9.160958143183962e-05,0.07572097331285477,0.09816703200340271,0.03504084795713425,0.04727201536297798,0.0016169532900676131,0.0018045169999822974,0.004941775929182768,0.03961072489619255,0.00034842267632484436,0.004055899102240801,0.43452975153923035,0.46581539511680603,0.05495932698249817,0.02971021644771099,0.015678850933909416,0.03889472782611847,7.13985855327337e-07,2.7540745577425696e-06,7763.167,7767.908,4.7409999999999854,7764.747333333334,1
1.6324839862136287e-06,0.09846629202365875,0.19497546553611755,0.017114434391260147,0.023566821590065956,0.0017515210201963782,0.00010573110193945467,2.0074077156095882e-07,1.7125279327956378e-07,0.3435427248477936,0.39358705282211304,0.1741151362657547,0.37019994854927063,0.05191386863589287,0.5265840291976929,0.20175714790821075,0.0022875291761010885,0.07876051962375641,0.016569051891565323,0.7075347900390625,0.4265206754207611,0.00289999321103096,0.0003312912886030972,0.0013215226354077458,0.010033520869910717,0.004970978479832411,5.92509240959771e-06,0.0002470875042490661,0.004077374469488859,0.003510197391733527,0.016414746642112732,0.015482498332858086,0.007464500144124031,0.0030940647702664137,0.022128166630864143,0.018639959394931793,0.03618115559220314,0.06546647846698761,0.0029620768036693335,1.8570015527075157e-05,0.0026497584767639637,0.0023124844301491976,0.011053092777729034,0.06569515913724899,0.12622150778770447,0.10969076305627823,0.1485900580883026,0.21834175288677216,0.14487594366073608,0.2508115768432617,2.763227485047537e-06,1.0751896297733765e-06,7768.702,7778.388,9.685999999999694,7770.316333333333,0
2.6361749405623414e-06,0.5162818431854248,0.6020400524139404,6.191785359987989e-05,0.0016252680215984583,0.001248139189556241,1.7641024896875024e-05,1.6539596003894985e-07,2.1697343299820204e-07,0.42043155431747437,0.2535754144191742,0.2528983950614929,0.2232588231563568,0.032182011753320694,0.1959066092967987,0.18798373639583588,0.01894761249423027,0.06714807450771332,0.07898768037557602,0.8631824851036072,0.7742183208465576,0.0015498778084293008,0.0014034234918653965,2.6394796805107035e-05,0.0026266323402523994,0.11266380548477173,0.00025703091523610055,0.09452158212661743,0.003647367935627699,0.004250706173479557,0.0005124092567712069,0.000715318659786135,0.0006377602694556117,0.0017139227129518986,0.00026937821530736983,0.0002464181452523917,0.013728799298405647,0.009455190040171146,0.09632059931755066,0.0007595396018587053,0.05684991925954819,0.04683927074074745,0.03787299245595932,0.003931686747819185,4.670756607083604e-05,3.4439897717675194e-05,0.0003443807072471827,0.0010174737544730306,1.5828261894057505e-05,1.8492486560717225e-05,1.5027478639240144e-07,4.17771929051014e-07,7794.301,7799.077,4.77599999999984,7795.097000000001,0
2.994090380070702e-07,0.014867860823869705,0.20301403105258942,0.004460398573428392,0.2127697467803955,0.0007243338041007519,3.018226198037155e-05,3.104125667618973e-08,4.251204899219374e-08,0.0960966944694519,0.30907854437828064,0.015795916318893433,0.08330853283405304,0.10058487951755524,0.46109408140182495,0.20968744158744812,0.00826360285282135,0.3946062922477722,0.19621752202510834,0.5042397975921631,0.5406392812728882,0.013421516865491867,0.0005252280388958752,7.744794856989756e-05,0.02620314434170723,0.015587781555950642,2.872398545150645e-05,0.001835217117331922,0.007987145334482193,0.0017537776147946715,0.0030565697234123945,0.0012705638073384762,0.00783849973231554,0.08626288175582886,0.0019365701591596007,0.0014443466207012534,0.03553973510861397,0.012576241977512836,0.2288079559803009,2.508530087652616e-06,0.05847448483109474,0.04177878051996231,0.030830029398202896,0.0063073341734707355,6.937255966477096e-05,1.3955822396383155e-05,0.043390847742557526,0.00010195656795985997,0.0001350017701042816,0.0002061795530607924,4.819153218704741e-07,3.2330479626807573e-08,7799.937,7804.173,4.235999999999876,7800.643,0
1.5737627734324633e-07,0.0008261040784418583,0.1432124376296997,0.028363855555653572,0.6239137649536133,0.003516651224344969,1.2795989277947228e-05,2.7133911117971365e-08,3.579695473376887e-08,0.19428683817386627,0.5910162329673767,0.06446478515863419,0.3996039927005768,0.1515655815601349,0.0516684390604496,0.04040837287902832,0.11806019395589828,0.230208620429039,0.02206236496567726,0.5897551774978638,0.24770307540893555,0.007970153354108334,0.00012367138697300106,0.00014603945601265877,0.0026818986516445875,0.00043750889017246664,3.5048067275056383e-06,5.5372685892507434e-05,0.0004874564183410257,0.0028972988948225975,0.069032222032547,0.04220592975616455,0.0008338573388755322,0.0003692068567033857,0.0006478754803538322,0.00039625854697078466,0.029754552990198135,0.05985207483172417,0.008283095434308052,0.0004449114203453064,0.0019259919645264745,0.000615087163168937,0.03318630903959274,0.01653607003390789,0.002769861835986376,0.003136353101581335,0.05323440209031105,0.015143881551921368,0.00029617021209560335,0.0009529995149932802,2.7230607884121127e-06,2.0617019913515833e-07,7805.287,7814.753,9.46599999999944,7806.864666666666,0
4.187915294551203e-07,0.02583305351436138,0.1145276203751564,0.02501070126891136,0.12406173348426819,0.0012533183908089995,2.467958620400168e-05,2.0412804246916494e-07,4.7214150811214495e-08,0.10450076311826706,0.12688958644866943,0.034686096012592316,0.038482822477817535,0.1124817356467247,0.1497553586959839,0.11541717499494553,0.07463729381561279,0.2842622995376587,0.2521401643753052,0.4849121868610382,0.30302515625953674,0.015544559806585312,0.0034128923434764147,0.0009261954692192376,0.0023051698226481676,0.00018326903227716684,2.1485700472112512e-06,5.847965439897962e-06,0.0003446867049206048,0.00980283971875906,0.14160607755184174,0.09769381582736969,0.0021155381109565496,8.043294656090438e-05,0.003107492346316576,0.0024848366156220436,0.009281893260776997,0.030062224715948105,0.012346840463578701,0.0007376577705144882,0.0013348222710192204,0.0002976921387016773,0.016168877482414246,0.05092233791947365,0.026423530653119087,0.04333962872624397,0.3804095983505249,0.36487406492233276,0.007271618582308292,0.033989716321229935,6.245777512958739e-06,2.6087619175996224e-07,7823.984,7832.185,8.201000000000022,7825.350833333334,0
1.9439005427557277e-06,0.6356338262557983,0.4911944568157196,0.0004578941152431071,0.0005250666290521622,0.0005762842483818531,0.000444754958152771,2.3072705346294242e-07,2.2142067734876036e-07,0.19266089797019958,0.2940550446510315,0.1588086038827896,0.19589106738567352,0.06407564878463745,0.10272371768951416,0.09253931045532227,0.06460855901241302,0.09576387703418732,0.07926912605762482,0.7501940727233887,0.601165771484375,0.006273264065384865,0.0006441111327148974,0.003575187874957919,0.0366177074611187,0.04810412973165512,6.4114515225810464e-06,0.0012441350845620036,0.0041963281109929085,0.013482099398970604,0.010265636257827282,0.011229218915104866,0.0027629476971924305,0.00014529828331433237,0.14797580242156982,0.14045663177967072,0.036912739276885986,0.1044744923710823,0.00028656021459028125,0.00013566068082582206,0.007913867011666298,0.023673590272665024,0.0008214887348003685,0.004837185610085726,0.03470072150230408,0.03449667617678642,0.059465859085321426,0.19934998452663422,0.024554967880249023,0.045237068086862564,9.136624612438027e-07,2.0548095562844537e-06,7938.413,7944.134,5.721000000000458,7939.3665,0
9.230062119058857e-07,0.1319989711046219,0.4066174328327179,0.0011931839399039745,0.009294653311371803,0.0006803913274779916,9.025331564771477e-06,3.6654597579399706e-08,4.722153690295272e-08,0.18065644800662994,0.2493831366300583,0.08649196475744247,0.12249406427145004,0.011255195364356041,0.479423850774765,0.5232418775558472,0.004457719158381224,0.13926443457603455,0.10779447108507156,0.6308613419532776,0.5248777270317078,0.009366693906486034,0.0005779964267276227,2.8074002329958603e-05,0.022468116134405136,0.005912853870540857,4.039953182655154e-06,0.001476962468586862,0.005532729905098677,0.0013751410879194736,0.007059695664793253,0.0058600446209311485,0.0009933637920767069,0.01242822129279375,0.00010030332487076521,8.994233940029517e-05,0.03174886479973793,0.02056136727333069,0.04284592717885971,1.5921366866678e-05,0.03958125412464142,0.018068259581923485,0.21152135729789734,0.012714187614619732,0.00012581409828271717,4.188788807368837e-05,0.007110283710062504,0.000520795991178602,0.00010165445564780384,0.00016552410670556128,2.370619966995946e-07,8.696424913523515e-08,7949.855,7954.31,4.455000000000837,7950.5975,0
1.3940853023086675e-06,0.1898360401391983,0.09687592834234238,0.00811755657196045,0.01835680939257145,0.047899212688207626,2.2559619537787512e-05,1.3048323808106943e-06,8.392759127673344e-07,0.6847783327102661,0.2579897344112396,0.8553350567817688,0.4958810806274414,0.12344097346067429,0.14265866577625275,0.0606193020939827,0.05278540030121803,0.001150114694610238,0.02430650033056736,0.10646166652441025,0.6991725564002991,0.0003098114102613181,0.0022029378451406956,0.0006364031578414142,3.714063132065348e-05,0.0013383113546296954,0.005345395300537348,3.331599509692751e-05,0.024405790492892265,0.008611968718469143,0.00017935156938619912,0.00019222531409468502,0.008403260260820389,0.0020440276712179184,0.01211546640843153,0.015159206464886665,0.10228270292282104,0.039428096264600754,0.013883167877793312,0.00043236021883785725,0.0013880606275051832,0.001442331587895751,0.0017363919178023934,0.041206683963537216,0.08072155714035034,0.0517532080411911,0.0095365634188056,0.017936596646904945,0.0029941946268081665,0.0016948123229667544,1.1470134268165566e-05,7.885320769673854e-07,14821.737,14827.829,6.092000000000553,14826.813666666667,4
2.4101669623632915e-05,0.7634928226470947,0.012112361378967762,0.0020211844239383936,0.0009411294595338404,0.09043816477060318,4.5378175855148584e-05,1.139631990554335e-06,1.4050833385681472e-07,0.7325591444969177,0.061111580580472946,0.7658776044845581,0.005915102083235979,0.14137284457683563,0.2620377540588379,0.04218543320894241,0.009227854199707508,0.005151572171598673,0.6807534098625183,0.20146191120147705,0.8651224374771118,0.0003072695981245488,0.0037840944714844227,0.00015613606956321746,0.00153002527076751,0.10501103848218918,0.0007100580260157585,0.056335024535655975,0.3696499168872833,0.010713597759604454,1.4396007827599533e-05,2.6180603526881896e-05,0.0010005459189414978,0.03516855835914612,0.001858334755524993,0.0014637280255556107,0.0979209691286087,0.02764136716723442,0.00812341459095478,3.509875023155473e-05,0.02013724483549595,0.05569746717810631,0.0014316575834527612,0.0028335482347756624,0.3049505650997162,0.12361765652894974,0.002104860730469227,0.0036542778834700584,5.7537192333256826e-05,1.2047734344378114e-05,2.6530830155024887e-07,2.823419151809503e-07,14838.933,14842.156,3.2229999999999563,14839.470166666668,0
1.1043765653084847e-06,0.488599956035614,0.3794696629047394,0.0004836503358092159,0.006192133296281099,0.009685036726295948,1.0476165698491968e-05,5.426080065262795e-07,6.519697421936144e-07,0.7266625165939331,0.5147275924682617,0.7646222114562988,0.7640608549118042,0.24624335765838623,0.05228574201464653,0.01651003584265709,0.17149338126182556,0.002663990715518594,0.004105770029127598,0.35883399844169617,0.6712667942047119,0.00021984099294058979,0.00049524602945894,0.00014592644583899528,4.7824047214817256e-05,0.0009128315723501146,0.0018869205377995968,0.0001743807952152565,0.010970882140100002,0.0028579523786902428,0.0008905995055101812,0.0006762845441699028,0.0011362199438735843,0.0012104690540581942,0.00033062457805499434,0.0003823227307293564,0.14447149634361267,0.04346878081560135,0.015188428573310375,0.0007017130847088993,0.006414099596440792,0.0009388990001752973,0.014073607511818409,0.010193964466452599,0.17267799377441406,0.09401324391365051,0.06839299947023392,0.024531317874789238,3.062105315621011e-05,1.5441257346537896e-05,1.7094162103603594e-06,4.4720093228534097e-07,14857.85,14862.018,4.167999999999665,14858.544666666667,0
1.2511969771367148e-06,0.3549087941646576,0.19972047209739685,0.0018124672351405025,0.0034634775947779417,0.02498471923172474,6.551455953740515e-06,7.206440955087601e-07,6.409021580111585e-07,0.6830483675003052,0.4932025969028473,0.7463152408599854,0.6965052485466003,0.152471125125885,0.11684276908636093,0.04277147725224495,0.06595538556575775,0.002994515234604478,0.007789439056068659,0.2969328761100769,0.6754627823829651,0.00030017044628039,0.0005742927896790206,9.396750101586804e-05,4.24023273808416e-05,0.000429542240453884,0.0015963149489834905,6.220471550477669e-05,0.009647514671087265,0.0024111540988087654,0.0006854112725704908,0.0006111929542385042,0.0028069973923265934,0.0005593282985500991,0.0002048449096037075,0.0003302613622508943,0.1365193873643875,0.020758137106895447,0.06040513515472412,0.002643920248374343,0.0024976066779345274,0.0002789674617815763,0.017008118331432343,0.034736163914203644,0.14593368768692017,0.07367777079343796,0.02937656082212925,0.02100498229265213,0.0001108158758142963,7.34982022549957e-05,4.091873506695265e-06,3.953115594867995e-07,14869.426,14877.239,7.813000000000102,14873.3325,2
6.592514637304703e-06,0.10118362307548523,0.01900067925453186,0.030677275732159615,0.026033353060483932,0.1609773486852646,1.2255895853741094e-05,3.2381449273088947e-06,1.0676062629499938e-06,0.789415180683136,0.36898112297058105,0.9119932055473328,0.5665805339813232,0.5127013921737671,0.17000550031661987,0.004148057661950588,0.058653365820646286,0.0006005191244184971,0.017289841547608376,0.1373758465051651,0.6184253692626953,0.00020120821136515588,0.0013299045385792851,0.0001611860643606633,1.3196620784583502e-05,0.0010361983440816402,0.006474231369793415,0.00015034862735774368,0.01918206177651882,0.0004567852593027055,0.006267101503908634,0.008778792805969715,0.002743890043348074,0.00011134803935419768,0.0004628768074326217,0.0007711224025115371,0.15418145060539246,0.011710966005921364,0.025694213807582855,0.009410922415554523,0.00409814203158021,0.0008661526953801513,0.026515448465943336,0.10642794519662857,0.04853510484099388,0.022941378876566887,0.028721671551465988,0.05327973514795303,0.0011366058606654406,0.000510259298607707,1.2393541510391515e-05,1.0129209613296553e-06,14885.93,14889.068,3.1379999999990105,14886.453,0
1.6435033103334717e-06,0.2426227480173111,0.18814827501773834,0.002904559252783656,0.005458088591694832,0.005599174648523331,2.953283183160238e-05,2.3378188984679582e-07,2.3559546491469519e-07,0.5977175235748291,0.5856269001960754,0.6508303880691528,0.6284643411636353,0.013637290336191654,0.3374183773994446,0.3670710623264313,0.005131104029715061,0.013720596209168434,0.008674084208905697,0.734592080116272,0.6238289475440979,0.0007305210456252098,0.0002438086667098105,0.00016289895575027913,0.0010647608432918787,0.024400619789958,5.308328036335297e-05,0.023794537410140038,0.007636676076799631,0.02281525731086731,0.0007666978635825217,0.0007404290954582393,0.00046022149035707116,0.00011255209392402321,0.0006540586473420262,0.0008363479864783585,0.10162629932165146,0.11880709230899811,0.0023552263155579567,0.007210737094283104,0.012362421490252018,0.007186231203377247,0.0068129850551486015,0.0030897788237780333,0.0400208979845047,0.050151657313108444,0.007740458939224482,0.017418431118130684,2.732568646024447e-05,3.726043723872863e-05,3.8073156360951543e-07,7.078617159095302e-07,15192.481,15196.683,4.202000000001135,15193.181333333334,0
3.1776371542946436e-06,0.34751206636428833,0.19218851625919342,0.001063756993971765,0.001129343407228589,0.008449009619653225,7.89840123616159e-05,5.636615583171078e-07,1.1401766641938593e-06,0.2951321303844452,0.1692897528409958,0.5157763957977295,0.546339750289917,0.01961546018719673,0.2231479436159134,0.2394842803478241,0.020012367516756058,0.012283232994377613,0.011961077339947224,0.5820650458335876,0.5177239179611206,0.0013744449242949486,0.0026081919204443693,0.0002587047347333282,0.0008810136932879686,0.1967519074678421,0.0016253129579126835,0.01769689843058586,0.02429516613483429,0.005162316840142012,0.0003998983302153647,0.0005358199123293161,0.004221316426992416,0.003323165001347661,0.004070029594004154,0.0151002686470747,0.08391529321670532,0.02400456927716732,0.0031370031647384167,9.368905011797324e-05,0.030909573659300804,0.036651939153671265,0.004436588380485773,0.014532630331814289,0.0021025415044277906,0.0014441960956901312,0.0008869002922438085,0.005146630574017763,0.002297272440046072,0.0012875201646238565,3.5161849609721685e-07,1.6048301176851965e-06,15207.297,15213.187,5.889999999999418,15208.278666666667,0
1.0483551704965066e-05,0.28571203351020813,0.1867154836654663,0.0030149081721901894,0.0023839855566620827,0.006777606904506683,9.30647729546763e-05,1.6997729517242988e-06,2.38688403442211e-06,0.08628775924444199,0.03499658405780792,0.16492554545402527,0.1736079752445221,0.0034431919921189547,0.5143288373947144,0.48957085609436035,0.005608514882624149,0.056813836097717285,0.05007950961589813,0.48008084297180176,0.3360060751438141,0.0069867209531366825,0.014136973768472672,0.0003638027992565185,0.0004693929513450712,0.10465431958436966,0.0007548112771473825,0.011358730494976044,0.0355900414288044,0.0025508434046059847,0.001642659422941506,0.003386804601177573,0.00540588004514575,0.0028663910925388336,0.003088592551648617,0.00977177545428276,0.0984872505068779,0.029062451794743538,0.0034500660840421915,0.00010035038576461375,0.03978573530912399,0.01018050592392683,0.010127739049494267,0.057482775300741196,0.007397220470011234,0.005251634865999222,0.0017508241580799222,0.03048858232796192,0.007620514836162329,0.004358265083283186,7.205547376543109e-07,4.689170054916758e-06,15213.794,15217.203,3.4089999999996508,15214.362166666666,0
8.895744372239278e-07,0.487019419670105,0.43261128664016724,0.00041210989002138376,0.0015152734704315662,0.003072147024795413,9.104815035243519e-06,2.1533341509893944e-07,2.61753910990592e-07,0.47768670320510864,0.4713473320007324,0.5748437643051147,0.589229166507721,0.01611349917948246,0.3675061762332916,0.38334089517593384,0.00573289068415761,0.011938798241317272,0.011394508183002472,0.7059327363967896,0.5629229545593262,0.0007424197974614799,0.00045465317089110613,6.0634687542915344e-05,0.0005913111963309348,0.014107676222920418,0.0002978607953991741,0.005456734914332628,0.0013099699281156063,0.0012747020227834582,0.0011790358694270253,0.0014456354547291994,0.004308798350393772,0.0014098234241828322,0.0003967563097830862,0.00047776708379387856,0.005423563066869974,0.004067571368068457,0.307910680770874,0.0008101672865450382,0.01060185395181179,0.004175830632448196,0.006176756229251623,0.012151720002293587,0.00013419704919215292,0.00013762588787358254,0.0012045163894072175,0.0050243837758898735,6.530764221679419e-05,7.912423461675644e-05,7.985059369275405e-07,2.6584626766634756e-07,15222.586,15226.535,3.949000000000524,15223.244166666665,0
2.352784576942213e-06,0.21536362171173096,0.09439857304096222,0.00391625938937068,0.0027819194365292788,0.02191890962421894,7.188582821981981e-05,1.5615544270985993e-06,7.470479204130243e-07,0.15879058837890625,0.07332884520292282,0.17165470123291016,0.16207493841648102,0.022786997258663177,0.16747713088989258,0.159027561545372,0.03600488230586052,0.061142317950725555,0.06728479266166687,0.5380589962005615,0.5099306702613831,0.0024286406114697456,0.00799810141324997,0.0003071237588301301,0.0004974424955435097,0.14078491926193237,0.0016008379170671105,0.006873073522001505,0.003808777779340744,0.0006157645839266479,0.007442372385412455,0.0067542246542871,0.0038764127530157566,0.0008867886499501765,0.007936346344649792,0.016298403963446617,0.06657638400793076,0.006440757308155298,0.003967786207795143,0.00014562618162017316,0.015980349853634834,0.01037533674389124,0.002409553388133645,0.025316376239061356,0.0026509875897318125,0.0009627004619687796,0.02058440074324608,0.0055882628075778484,0.0011087696766480803,0.0008123113075271249,5.594486083282391e-07,2.3111012978915824e-06,15251.527,15255.155,3.628000000000611,15252.131666666666,0
2.5748399821168277e-06,0.36350128054618835,0.24708612263202667,0.0023989344481378794,0.0008482206612825394,0.003968329168856144,6.571903213625774e-05,1.0190327657255693e-06,1.0063945410365704e-06,0.19972743093967438,0.11362752318382263,0.21140921115875244,0.20903873443603516,0.015971330925822258,0.22255973517894745,0.21071074903011322,0.025720112025737762,0.05236845836043358,0.05504355579614639,0.6106730103492737,0.44809338450431824,0.002271458273753524,0.004620972089469433,0.00042067209142260253,0.0013838994782418013,0.18321740627288818,0.0009608860709704459,0.009892570786178112,0.011990566737949848,0.0006683045066893101,0.0009757357183843851,0.0012535409769043326,0.014548576436936855,0.0006483751931227744,0.00702249351888895,0.018487850204110146,0.06985242664813995,0.004576974082738161,0.013075018301606178,0.00039823606493882835,0.010697487741708755,0.007682847790420055,0.001307375612668693,0.02010582759976387,0.003293004585430026,0.0014161020517349243,0.004889628384262323,0.006142012774944305,0.0014066233998164535,0.0007345550111494958,6.850636395938636e-07,1.9443584733380703e-06,15256.066,15259.07,3.003999999998996,15256.566666666668,0
1.9934630017814925e-06,0.35594967007637024,0.2606678903102875,0.0019654217176139355,0.001125127775594592,0.004298063460737467,4.506719778873958e-05,1.0644394023984205e-06,7.479675332433544e-07,0.12597963213920593,0.07167379558086395,0.18530422449111938,0.1851588785648346,0.04408235475420952,0.09044903516769409,0.10676780343055725,0.06417037546634674,0.05678720772266388,0.056482624262571335,0.5423504710197449,0.4165865480899811,0.003408632939681411,0.00829350110143423,0.0002490441547706723,0.0014185274485498667,0.17827476561069489,0.0009521926403976977,0.013377076014876366,0.004903564229607582,0.0010376957943663,0.0012047692434862256,0.0011829163413494825,0.011374162510037422,0.000703522062394768,0.004268092568963766,0.006999303586781025,0.048156026750802994,0.005955402739346027,0.013393525034189224,0.0004257097898516804,0.013388129882514477,0.00819822121411562,0.0016167641151696444,0.017124801874160767,0.0018866899190470576,0.0009771124459803104,0.0059316204860806465,0.003636458422988653,0.0005043419660069048,0.000336628028890118,3.763264544431877e-07,1.5536978708041715e-06,15266.9,15273.093,6.1930000000011205,15267.932166666666,0
9.422328730579466e-07,0.31536269187927246,0.22746911644935608,0.002991380402818322,0.002323881955817342,0.007136799860745668,7.68549034546595e-06,3.052415706861211e-07,4.169464773440268e-07,0.27133530378341675,0.12107301503419876,0.18896663188934326,0.17424732446670532,0.015639590099453926,0.2407592087984085,0.23237177729606628,0.02793797105550766,0.06403055042028427,0.07311844080686569,0.6043846607208252,0.5013288259506226,0.0020224235486239195,0.004673261661082506,8.287793025374413e-05,0.0004588849551510066,0.00840440858155489,0.0004935276228934526,0.0029304353520274162,0.003200030419975519,0.0004971279413439333,0.0003495106939226389,0.0004577874206006527,0.007407920900732279,0.0043564364314079285,0.0002695752482395619,0.00048437234363518655,0.009702655486762524,0.0016798011492937803,0.4729263186454773,0.00041885359678417444,0.008607263676822186,0.003188762813806534,0.004317926242947578,0.00810509268194437,0.00013371167005971074,6.953496631467715e-05,0.001186813460662961,0.0024565847124904394,2.0457624486880377e-05,1.2507765859481879e-05,8.765240409047692e-07,3.9355040826194454e-07,15273.295,15279.083,5.788000000000466,15274.259666666667,0
2.1692658265237696e-06,0.2149464339017868,0.08340046554803848,0.014738705940544605,0.0022559070494025946,0.01588330790400505,1.7367661712341942e-05,6.080957746235072e-07,7.436027544827084e-07,0.14505290985107422,0.09461479634046555,0.20648111402988434,0.20467281341552734,0.01670636422932148,0.21075350046157837,0.21570232510566711,0.03335289657115936,0.05322403460741043,0.05418480932712555,0.5164905786514282,0.5316789150238037,0.0034228453878313303,0.006509010214358568,0.00012152124691056088,0.00048589444486424327,0.017344404011964798,0.00037893943954259157,0.008504255674779415,0.007543827407062054,0.0010144365951418877,0.0008483725250698626,0.0010488985572010279,0.0023156702518463135,0.0026161465793848038,0.0003937958972528577,0.0009391484782099724,0.06522569805383682,0.0075799450278282166,0.04103206843137741,0.00032855733297765255,0.023372065275907516,0.00466666417196393,0.006330781616270542,0.006793681997805834,0.0011406424455344677,0.0005046518635936081,0.003352212253957987,0.005112256854772568,3.523356281220913e-05,1.991059434658382e-05,5.748627245338866e-07,9.890000001178123e-07,15279.725,15283.235,3.5100000000002183,15280.310000000001,0
