audio,bloque_id,chars,subcaso,fecha,tipo,y2_sa,y4_nv,y10_rep,n_sa,n_nv,n_rep
casanare,casanare_c0000,1999.0,Casanare,2020-02-06,audiencia_reconocimiento,0.6125,0.0,0.0,6.0,0.0,0.0
casanare,casanare_c0001,2000.0,Casanare,2020-02-06,audiencia_reconocimiento,1.0,0.0,0.1111,14.0,0.0,1.0
casanare,casanare_c0002,1999.0,Casanare,2020-02-06,audiencia_reconocimiento,1.0,0.0,1.0,15.0,0.0,6.0
casanare,casanare_c0003,1998.0,Casanare,2020-02-06,audiencia_reconocimiento,1.0,0.2647,0.0,15.0,3.0,0.0
casanare,casanare_c0004,2000.0,Casanare,2020-02-06,audiencia_reconocimiento,1.0,0.2083,0.0,14.0,1.0,0.0
casanare,casanare_c0005,2000.0,Casanare,2020-02-06,audiencia_reconocimiento,1.0,0.5556,0.0,15.0,3.0,0.0
casanare,casanare_c0006,2000.0,Casanare,2020-02-06,audiencia_reconocimiento,1.0,0.3846,0.0,17.0,3.0,0.0
casanare,casanare_c0007,1999.0,Casanare,2020-02-06,audiencia_reconocimiento,1.0,0.8333,0.0,20.0,3.0,0.0
casanare,casanare_c0008,2000.0,Casanare,2020-02-06,audiencia_reconocimiento,1.0,1.0,0.0,19.0,4.0,0.0
casanare,casanare_c0009,2000.0,Casanare,2020-02-06,audiencia_reconocimiento,1.0,0.8333,0.0,13.0,1.0,0.0
casanare,casanare_c0010,2000.0,Casanare,2020-02-06,audiencia_reconocimiento,1.0,0.0,0.0,12.0,0.0,0.0
casanare,casanare_c0011,2000.0,Casanare,2020-02-06,audiencia_reconocimiento,1.0,0.0,0.0,12.0,0.0,0.0
casanare,casanare_c0012,2000.0,Casanare,2020-02-06,audiencia_reconocimiento,1.0,1.0,0.0,18.0,3.0,0.0
casanare,casanare_c0013,1999.0,Casanare,2020-02-06,audiencia_reconocimiento,1.0,1.0,0.0,22.0,2.0,0.0
casanare,casanare_c0014,2000.0,Casanare,2020-02-06,audiencia_reconocimiento,1.0,0.8333,0.0,15.0,1.0,0.0
casanare,casanare_c0015,2000.0,Casanare,2020-02-06,audiencia_reconocimiento,1.0,1.0,0.0,6.0,1.0,0.0
casanare,casanare_c0016,2000.0,Casanare,2020-02-06,audiencia_reconocimiento,1.0,1.0,1.0,11.0,1.0,1.0
casanare,casanare_c0017,2000.0,Casanare,2020-02-06,audiencia_reconocimiento,1.0,0.0,0.0,10.0,0.0,0.0
casanare,casanare_c0018,2000.0,Casanare,2020-02-06,audiencia_reconocimiento,1.0,0.0,0.0,8.0,0.0,0.0
casanare,casanare_c0019,2000.0,Casanare,2020-02-06,audiencia_reconocimiento,1.0,1.0,0.0,11.0,1.0,0.0
casanare,casanare_c0020,1999.0,Casanare,2020-02-06,audiencia_reconocimiento,1.0,1.0,0.0,19.0,2.0,0.0
casanare,casanare_c0021,1999.0,Casanare,2020-02-06,audiencia_reconocimiento,1.0,1.0,0.0,18.0,1.0,0.0
casanare,casanare_c0022,2000.0,Casanare,2020-02-06,audiencia_reconocimiento,1.0,0.0,1.0,22.0,0.0,1.0
casanare,casanare_c0023,1999.0,Casanare,2020-02-06,audiencia_reconocimiento,1.0,0.0,0.0,27.0,0.0,0.0
casanare,casanare_c0024,2000.0,Casanare,2020-02-06,audiencia_reconocimiento,1.0,0.0,1.0,17.0,0.0,2.0
casanare,casanare_c0025,2000.0,Casanare,2020-02-06,audiencia_reconocimiento,1.0,0.0,0.0,10.0,0.0,0.0
casanare,casanare_c0026,2000.0,Casanare,2020-02-06,audiencia_reconocimiento,1.0,0.0,0.0,17.0,0.0,0.0
casanare,casanare_c0027,2000.0,Casanare,2020-02-06,audiencia_reconocimiento,1.0,0.0,1.0,13.0,0.0,1.0
casanare,casanare_c0028,2000.0,Casanare,2020-02-06,audiencia_reconocimiento,1.0,0.0,0.0,10.0,0.0,0.0
casanare,casanare_c0029,2000.0,Casanare,2020-02-06,audiencia_reconocimiento,1.0,1.0,0.0,9.0,1.0,0.0
casanare,casanare_c0030,1999.0,Casanare,2020-02-06,audiencia_reconocimiento,1.0,0.0,0.0,9.0,0.0,0.0
casanare,casanare_c0031,2000.0,Casanare,2020-02-06,audiencia_reconocimiento,1.0,1.0,0.0,8.0,2.0,0.0
casanare,casanare_c0032,2000.0,Casanare,2020-02-06,audiencia_reconocimiento,1.0,0.0,1.0,10.0,0.0,1.0
casanare,casanare_c0033,2000.0,Casanare,2020-02-06,audiencia_reconocimiento,1.0,0.0,0.0,10.0,0.0,0.0
casanare,casanare_c0034,2000.0,Casanare,2020-02-06,audiencia_reconocimiento,1.0,1.0,0.0,14.0,1.0,0.0
casanare,casanare_c0035,1999.0,Casanare,2020-02-06,audiencia_reconocimiento,1.0,1.0,0.0,8.0,1.0,0.0
casanare,casanare_c0036,2000.0,Casanare,2020-02-06,audiencia_reconocimiento,1.0,0.0,0.0,6.0,0.0,0.0
casanare,casanare_c0037,2000.0,Casanare,2020-02-06,audiencia_reconocimiento,1.0,1.0,0.0,8.0,2.0,0.0
casanare,casanare_c0038,2000.0,Casanare,2020-02-06,audiencia_reconocimiento,1.0,0.0,0.0,17.0,0.0,0.0
casanare,casanare_c0039,2000.0,Casanare,2020-02-06,audiencia_reconocimiento,1.0,1.0,0.0,19.0,1.0,0.0
casanare,casanare_c0040,2000.0,Casanare,2020-02-06,audiencia_reconocimiento,1.0,0.7576,0.0,16.0,5.0,0.0
casanare,casanare_c0041,1999.0,Casanare,2020-02-06,audiencia_reconocimiento,1.0,0.8556,0.0,15.0,8.0,0.0
casanare,casanare_c0042,2000.0,Casanare,2020-02-06,audiencia_reconocimiento,1.0,0.0,0.0,18.0,0.0,0.0
casanare,casanare_c0043,2000.0,Casanare,2020-02-06,audiencia_reconocimiento,1.0,0.0,0.1042,23.0,0.0,1.0
casanare,casanare_c0044,2000.0,Casanare,2020-02-06,audiencia_reconocimiento,1.0,0.1852,0.0,17.0,2.0,0.0
casanare,casanare_c0045,2000.0,Casanare,2020-02-06,audiencia_reconocimiento,0.72,0.0729,0.0,9.0,1.0,0.0
casanare,casanare_c0046,2000.0,Casanare,2020-02-06,audiencia_reconocimiento,1.0,0.0,0.0,16.0,0.0,0.0
casanare,casanare_c0047,2000.0,Casanare,2020-02-06,audiencia_reconocimiento,1.0,0.0,0.0,15.0,0.0,0.0
casanare,casanare_c0048,2000.0,Casanare,2020-02-06,audiencia_reconocimiento,0.2447,0.0,0.1103,3.0,0.0,1.0
casanare,casanare_c0049,2000.0,Casanare,2020-02-06,audiencia_reconocimiento,0.3712,0.0,0.0,5.0,0.0,0.0
casanare,casanare_c0050,1999.0,Casanare,2020-02-06,audiencia_reconocimiento,0.5374,0.0,0.0,8.0,0.0,0.0
casanare,casanare_c0051,2000.0,Casanare,2020-02-06,audiencia_reconocimiento,0.3695,0.0,0.0,5.0,0.0,0.0
casanare,casanare_c0052,2000.0,Casanare,2020-02-06,audiencia_reconocimiento,1.0,0.0,0.0,29.0,0.0,0.0
casanare,casanare_c0053,2000.0,Casanare,2020-02-06,audiencia_reconocimiento,1.0,0.2024,0.0,14.0,2.0,0.0
casanare,casanare_c0054,1999.0,Casanare,2020-02-06,audiencia_reconocimiento,1.0,0.3333,0.85,11.0,1.0,2.0
casanare,casanare_c0055,2000.0,Casanare,2020-02-06,audiencia_reconocimiento,1.0,1.0,0.0,11.0,2.0,0.0
casanare,casanare_c0056,1999.0,Casanare,2020-02-06,audiencia_reconocimiento,1.0,1.0,0.0,16.0,1.0,0.0
casanare,casanare_c0057,1999.0,Casanare,2020-02-06,audiencia_reconocimiento,1.0,1.0,0.0,10.0,5.0,0.0
casanare,casanare_c0058,2000.0,Casanare,2020-02-06,audiencia_reconocimiento,1.0,1.0,0.0,8.0,5.0,0.0
casanare,casanare_c0059,2000.0,Casanare,2020-02-06,audiencia_reconocimiento,1.0,0.2083,0.0,18.0,1.0,0.0
casanare,casanare_c0060,1998.0,Casanare,2020-02-06,audiencia_reconocimiento,1.0,1.0,1.0,15.0,1.0,2.0
casanare,casanare_c0061,2000.0,Casanare,2020-02-06,audiencia_reconocimiento,1.0,0.0,0.0,14.0,0.0,0.0
casanare,casanare_c0062,1999.0,Casanare,2020-02-06,audiencia_reconocimiento,1.0,0.0,0.0,14.0,0.0,0.0
casanare,casanare_c0063,2000.0,Casanare,2020-02-06,audiencia_reconocimiento,1.0,0.0,1.0,13.0,0.0,1.0
casanare,casanare_c0064,2000.0,Casanare,2020-02-06,audiencia_reconocimiento,1.0,1.0,0.0,9.0,1.0,0.0
casanare,casanare_c0065,2000.0,Casanare,2020-02-06,audiencia_reconocimiento,1.0,0.8333,1.0,6.0,1.0,1.0
casanare,casanare_c0066,2000.0,Casanare,2020-02-06,audiencia_reconocimiento,1.0,0.0,0.0,14.0,0.0,0.0
casanare,casanare_c0067,2000.0,Casanare,2020-02-06,audiencia_reconocimiento,1.0,1.0,0.0,20.0,1.0,0.0
casanare,casanare_c0068,1999.0,Casanare,2020-02-06,audiencia_reconocimiento,1.0,0.0,0.0,18.0,0.0,0.0
casanare,casanare_c0069,1999.0,Casanare,2020-02-06,audiencia_reconocimiento,1.0,0.5833,0.0,9.0,1.0,0.0
casanare,casanare_c0070,2000.0,Casanare,2020-02-06,audiencia_reconocimiento,1.0,1.0,0.0,21.0,5.0,0.0
casanare,casanare_c0071,2000.0,Casanare,2020-02-06,audiencia_reconocimiento,1.0,1.0,0.0,8.0,3.0,0.0
casanare,casanare_c0072,1999.0,Casanare,2020-02-06,audiencia_reconocimiento,1.0,1.0,0.0,14.0,4.0,0.0
casanare,casanare_c0073,2000.0,Casanare,2020-02-06,audiencia_reconocimiento,1.0,0.3889,0.0,9.0,1.0,0.0
casanare,casanare_c0074,2000.0,Casanare,2020-02-06,audiencia_reconocimiento,1.0,1.0,0.0,11.0,11.0,0.0
casanare,casanare_c0075,2000.0,Casanare,2020-02-06,audiencia_reconocimiento,1.0,1.0,0.0,10.0,3.0,0.0
casanare,casanare_c0076,1999.0,Casanare,2020-02-06,audiencia_reconocimiento,1.0,0.0,0.0,13.0,0.0,0.0
casanare,casanare_c0077,2000.0,Casanare,2020-02-06,audiencia_reconocimiento,1.0,0.4048,0.0,9.0,2.0,0.0
casanare,casanare_c0078,1999.0,Casanare,2020-02-06,audiencia_reconocimiento,1.0,1.0,0.0,10.0,5.0,0.0
casanare,casanare_c0079,1999.0,Casanare,2020-02-06,audiencia_reconocimiento,1.0,1.0,0.0,21.0,2.0,0.0
casanare,casanare_c0080,2000.0,Casanare,2020-02-06,audiencia_reconocimiento,1.0,0.5833,0.0,11.0,1.0,0.0
casanare,casanare_c0081,2000.0,Casanare,2020-02-06,audiencia_reconocimiento,1.0,1.0,0.0,12.0,2.0,0.0
casanare,casanare_c0082,2000.0,Casanare,2020-02-06,audiencia_reconocimiento,1.0,1.0,0.0,23.0,1.0,0.0
casanare,casanare_c0083,2000.0,Casanare,2020-02-06,audiencia_reconocimiento,1.0,0.0,0.0,12.0,0.0,0.0
casanare,casanare_c0084,1999.0,Casanare,2020-02-06,audiencia_reconocimiento,1.0,1.0,0.0,19.0,1.0,0.0
casanare,casanare_c0085,1998.0,Casanare,2020-02-06,audiencia_reconocimiento,1.0,1.0,0.0,10.0,2.0,0.0
casanare,casanare_c0086,1999.0,Casanare,2020-02-06,audiencia_reconocimiento,1.0,1.0,0.0,5.0,2.0,0.0
casanare,casanare_c0087,2000.0,Casanare,2020-02-06,audiencia_reconocimiento,1.0,0.0,0.0,19.0,0.0,0.0
casanare,casanare_c0088,2000.0,Casanare,2020-02-06,audiencia_reconocimiento,1.0,0.0,0.0,19.0,0.0,0.0
casanare,casanare_c0089,1999.0,Casanare,2020-02-06,audiencia_reconocimiento,1.0,0.0,1.0,7.0,0.0,1.0
casanare,casanare_c0090,2000.0,Casanare,2020-02-06,audiencia_reconocimiento,1.0,0.0,0.0,20.0,0.0,0.0
casanare,casanare_c0091,1999.0,Casanare,2020-02-06,audiencia_reconocimiento,1.0,1.0,0.0,13.0,1.0,0.0
casanare,casanare_c0092,2000.0,Casanare,2020-02-06,audiencia_reconocimiento,1.0,1.0,0.0,15.0,1.0,0.0
casanare,casanare_c0093,2000.0,Casanare,2020-02-06,audiencia_reconocimiento,1.0,1.0,0.0,16.0,2.0,0.0
casanare,casanare_c0094,2000.0,Casanare,2020-02-06,audiencia_reconocimiento,1.0,0.0,0.0,10.0,0.0,0.0
casanare,casanare_c0095,1999.0,Casanare,2020-02-06,audiencia_reconocimiento,1.0,0.0,0.0,11.0,0.0,0.0
casanare,casanare_c0096,2000.0,Casanare,2020-02-06,audiencia_reconocimiento,1.0,0.0,0.0,16.0,0.0,0.0
casanare,casanare_c0097,2000.0,Casanare,2020-02-06,audiencia_reconocimiento,1.0,0.0,0.0,10.0,0.0,0.0
casanare,casanare_c0098,1999.0,Casanare,2020-02-06,audiencia_reconocimiento,1.0,1.0,0.0,16.0,2.0,0.0
casanare,casanare_c0099,2000.0,Casanare,2020-02-06,audiencia_reconocimiento,1.0,0.0,0.0,12.0,0.0,0.0
casanare,casanare_c0100,2000.0,Casanare,2020-02-06,audiencia_reconocimiento,1.0,0.0,0.0,12.0,0.0,0.0
casanare,casanare_c0101,2000.0,Casanare,2020-02-06,audiencia_reconocimiento,1.0,1.0,0.0,13.0,1.0,0.0
casanare,casanare_c0102,2000.0,Casanare,2020-02-06,audiencia_reconocimiento,1.0,1.0,0.0,10.0,2.0,0.0
casanare,casanare_c0103,1999.0,Casanare,2020-02-06,audiencia_reconocimiento,1.0,0.0,0.0,3.0,0.0,0.0
casanare,casanare_c0104,1999.0,Casanare,2020-02-06,audiencia_reconocimiento,1.0,0.0,0.0,16.0,0.0,0.0
casanare,casanare_c0105,2000.0,Casanare,2020-02-06,audiencia_reconocimiento,1.0,1.0,1.0,16.0,1.0,1.0
casanare,casanare_c0106,2000.0,Casanare,2020-02-06,audiencia_reconocimiento,1.0,1.0,0.0,20.0,4.0,0.0
casanare,casanare_c0107,2000.0,Casanare,2020-02-06,audiencia_reconocimiento,1.0,1.0,1.0,11.0,3.0,1.0
casanare,casanare_c0108,2000.0,Casanare,2020-02-06,audiencia_reconocimiento,1.0,0.0,0.0,10.0,0.0,0.0
casanare,casanare_c0109,2000.0,Casanare,2020-02-06,audiencia_reconocimiento,1.0,1.0,0.0,11.0,2.0,0.0
casanare,casanare_c0110,2000.0,Casanare,2020-02-06,audiencia_reconocimiento,1.0,1.0,0.0,9.0,1.0,0.0
casanare,casanare_c0111,2000.0,Casanare,2020-02-06,audiencia_reconocimiento,1.0,0.0,0.0,9.0,0.0,0.0
casanare,casanare_c0112,2000.0,Casanare,2020-02-06,audiencia_reconocimiento,1.0,1.0,0.0,14.0,1.0,0.0
casanare,casanare_c0113,2000.0,Casanare,2020-02-06,audiencia_reconocimiento,1.0,1.0,1.0,19.0,5.0,1.0
casanare,casanare_c0114,2000.0,Casanare,2020-02-06,audiencia_reconocimiento,1.0,1.0,0.0,22.0,3.0,0.0
casanare,casanare_c0115,2000.0,Casanare,2020-02-06,audiencia_reconocimiento,1.0,1.0,0.0,17.0,2.0,0.0
casanare,casanare_c0116,1998.0,Casanare,2020-02-06,audiencia_reconocimiento,1.0,0.0,0.0,10.0,0.0,0.0
casanare,casanare_c0117,2000.0,Casanare,2020-02-06,audiencia_reconocimiento,1.0,0.0,0.0,16.0,0.0,0.0
casanare,casanare_c0118,1999.0,Casanare,2020-02-06,audiencia_reconocimiento,1.0,0.3704,0.0,16.0,2.0,0.0
casanare,casanare_c0119,2000.0,Casanare,2020-02-06,audiencia_reconocimiento,1.0,0.2576,0.0,12.0,2.0,0.0
catatumbo,catatumbo_c0000,2000.0,Catatumbo,2022-04-26,audiencia_reconocimiento,1.0,0.1667,0.0,9.0,1.0,0.0
catatumbo,catatumbo_c0001,1999.0,Catatumbo,2022-04-26,audiencia_reconocimiento,0.5579,0.1111,0.2833,6.0,1.0,2.0
catatumbo,catatumbo_c0002,2000.0,Catatumbo,2022-04-26,audiencia_reconocimiento,1.0,0.881,0.2679,11.0,4.0,1.0
catatumbo,catatumbo_c0003,2000.0,Catatumbo,2022-04-26,audiencia_reconocimiento,1.0,0.1296,0.0,9.0,1.0,0.0
catatumbo,catatumbo_c0004,2000.0,Catatumbo,2022-04-26,audiencia_reconocimiento,1.0,0.3704,0.2083,13.0,2.0,1.0
catatumbo,catatumbo_c0005,2000.0,Catatumbo,2022-04-26,audiencia_reconocimiento,1.0,1.0,0.0,15.0,5.0,0.0
catatumbo,catatumbo_c0006,1999.0,Catatumbo,2022-04-26,audiencia_reconocimiento,1.0,1.0,0.0,12.0,6.0,0.0
catatumbo,catatumbo_c0007,2000.0,Catatumbo,2022-04-26,audiencia_reconocimiento,1.0,0.1515,0.0,13.0,1.0,0.0
catatumbo,catatumbo_c0008,1999.0,Catatumbo,2022-04-26,audiencia_reconocimiento,0.215,0.0389,0.0,5.0,1.0,0.0
catatumbo,catatumbo_c0009,2000.0,Catatumbo,2022-04-26,audiencia_reconocimiento,0.1108,0.0,0.0,3.0,0.0,0.0
catatumbo,catatumbo_c0010,1999.0,Catatumbo,2022-04-26,audiencia_reconocimiento,0.3526,0.2632,0.0,5.0,3.0,0.0
catatumbo,catatumbo_c0011,1999.0,Catatumbo,2022-04-26,audiencia_reconocimiento,0.6444,0.5,0.0,4.0,3.0,0.0
catatumbo,catatumbo_c0012,1999.0,Catatumbo,2022-04-26,audiencia_reconocimiento,1.0,0.6667,0.0,7.0,2.0,0.0
catatumbo,catatumbo_c0013,2000.0,Catatumbo,2022-04-26,audiencia_reconocimiento,1.0,0.1852,0.0,10.0,1.0,0.0
catatumbo,catatumbo_c0014,2000.0,Catatumbo,2022-04-26,audiencia_reconocimiento,1.0,0.2083,0.4844,13.0,1.0,2.0
catatumbo,catatumbo_c0015,2000.0,Catatumbo,2022-04-26,audiencia_reconocimiento,1.0,0.7143,0.8929,7.0,3.0,3.0
catatumbo,catatumbo_c0016,2000.0,Catatumbo,2022-04-26,audiencia_reconocimiento,1.0,0.1852,0.2778,11.0,1.0,1.0
catatumbo,catatumbo_c0017,1999.0,Catatumbo,2022-04-26,audiencia_reconocimiento,1.0,0.1296,0.0,21.0,1.0,0.0
catatumbo,catatumbo_c0018,2000.0,Catatumbo,2022-04-26,audiencia_reconocimiento,1.0,0.0,0.0,20.0,0.0,0.0
catatumbo,catatumbo_c0019,2000.0,Catatumbo,2022-04-26,audiencia_reconocimiento,1.0,0.1458,0.9375,20.0,1.0,3.0
catatumbo,catatumbo_c0020,2000.0,Catatumbo,2022-04-26,audiencia_reconocimiento,1.0,1.0,0.0,11.0,7.0,0.0
catatumbo,catatumbo_c0021,2000.0,Catatumbo,2022-04-26,audiencia_reconocimiento,1.0,0.303,0.3864,10.0,2.0,2.0
catatumbo,catatumbo_c0022,2000.0,Catatumbo,2022-04-26,audiencia_reconocimiento,0.375,0.2083,0.0,5.0,2.0,0.0
catatumbo,catatumbo_c0023,1999.0,Catatumbo,2022-04-26,audiencia_reconocimiento,0.5354,0.9583,0.1607,5.0,9.0,1.0
catatumbo,catatumbo_c0024,1999.0,Catatumbo,2022-04-26,audiencia_reconocimiento,1.0,0.0,0.1442,15.0,0.0,1.0
catatumbo,catatumbo_c0025,2000.0,Catatumbo,2022-04-26,audiencia_reconocimiento,0.6509,0.0,0.2273,6.0,0.0,1.0
catatumbo,catatumbo_c0026,2000.0,Catatumbo,2022-04-26,audiencia_reconocimiento,0.7073,0.1111,0.2917,9.0,1.0,2.0
catatumbo,catatumbo_c0027,2000.0,Catatumbo,2022-04-26,audiencia_reconocimiento,1.0,0.1389,0.2083,15.0,1.0,1.0
catatumbo,catatumbo_c0028,1999.0,Catatumbo,2022-04-26,audiencia_reconocimiento,1.0,0.0,0.0,11.0,0.0,0.0
catatumbo,catatumbo_c0029,2000.0,Catatumbo,2022-04-26,audiencia_reconocimiento,0.6222,0.1852,0.0,5.0,1.0,0.0
catatumbo,catatumbo_c0030,2000.0,Catatumbo,2022-04-26,audiencia_reconocimiento,0.6,0.25,0.1125,9.0,3.0,1.0
catatumbo,catatumbo_c0031,1999.0,Catatumbo,2022-04-26,audiencia_reconocimiento,0.43,0.2222,0.0,6.0,2.0,0.0
catatumbo,catatumbo_c0032,2000.0,Catatumbo,2022-04-26,audiencia_reconocimiento,0.7107,0.2222,0.0,8.0,2.0,0.0
catatumbo,catatumbo_c0033,2000.0,Catatumbo,2022-04-26,audiencia_reconocimiento,0.1238,0.2381,0.0,2.0,3.0,0.0
catatumbo,catatumbo_c0034,2000.0,Catatumbo,2022-04-26,audiencia_reconocimiento,0.0448,0.1075,0.0,1.0,2.0,0.0
catatumbo,catatumbo_c0035,2000.0,Catatumbo,2022-04-26,audiencia_reconocimiento,0.0189,0.0709,0.0,1.0,2.0,0.0
catatumbo,catatumbo_c0036,2000.0,Catatumbo,2022-04-26,audiencia_reconocimiento,0.1696,0.0,0.0,3.0,0.0,0.0
catatumbo,catatumbo_c0037,2000.0,Catatumbo,2022-04-26,audiencia_reconocimiento,0.5038,0.1961,0.1324,6.0,2.0,1.0
catatumbo,catatumbo_c0038,2000.0,Catatumbo,2022-04-26,audiencia_reconocimiento,0.1238,0.0,0.0,2.0,0.0,0.0
catatumbo,catatumbo_c0039,2000.0,Catatumbo,2022-04-26,audiencia_reconocimiento,0.2294,0.2632,0.0,3.0,3.0,0.0
catatumbo,catatumbo_c0040,2000.0,Catatumbo,2022-04-26,audiencia_reconocimiento,0.3824,0.2917,0.1125,5.0,5.0,1.0
catatumbo,catatumbo_c0041,1999.0,Catatumbo,2022-04-26,audiencia_reconocimiento,0.7308,0.3846,0.7115,7.0,3.0,4.0
catatumbo,catatumbo_c0042,2000.0,Catatumbo,2022-04-26,audiencia_reconocimiento,0.4859,0.0521,0.0,12.0,1.0,0.0
catatumbo,catatumbo_c0043,2000.0,Catatumbo,2022-04-26,audiencia_reconocimiento,0.3103,0.0,0.1406,8.0,0.0,2.0
catatumbo,catatumbo_c0044,1999.0,Catatumbo,2022-04-26,audiencia_reconocimiento,0.0588,0.0498,0.0739,3.0,2.0,2.0
catatumbo,catatumbo_c0045,2000.0,Catatumbo,2022-04-26,audiencia_reconocimiento,0.1822,0.1543,0.0417,7.0,5.0,1.0
catatumbo,catatumbo_c0046,1999.0,Catatumbo,2022-04-26,audiencia_reconocimiento,0.0591,0.1515,0.1023,1.0,2.0,1.0
catatumbo,catatumbo_c0047,2000.0,Catatumbo,2022-04-26,audiencia_reconocimiento,0.5548,0.275,0.3273,9.0,4.0,3.0
catatumbo,catatumbo_c0048,2000.0,Catatumbo,2022-04-26,audiencia_reconocimiento,0.2218,0.0859,0.0882,7.0,3.0,2.0
catatumbo,catatumbo_c0049,1998.0,Catatumbo,2022-04-26,audiencia_reconocimiento,0.1444,0.0,0.397,2.0,0.0,4.0
catatumbo,catatumbo_c0050,1999.0,Catatumbo,2022-04-26,audiencia_reconocimiento,0.0,0.0,0.0,0.0,0.0,0.0
catatumbo,catatumbo_c0051,1999.0,Catatumbo,2022-04-26,audiencia_reconocimiento,0.0,0.0,0.0,0.0,0.0,0.0
catatumbo,catatumbo_c0052,1999.0,Catatumbo,2022-04-26,audiencia_reconocimiento,0.0,0.0,0.0,0.0,0.0,0.0
catatumbo,catatumbo_c0053,1999.0,Catatumbo,2022-04-26,audiencia_reconocimiento,0.0,0.0,0.0,0.0,0.0,0.0
catatumbo,catatumbo_c0054,1999.0,Catatumbo,2022-04-26,audiencia_reconocimiento,0.0,0.0,0.0,0.0,0.0,0.0
catatumbo,catatumbo_c0055,1999.0,Catatumbo,2022-04-26,audiencia_reconocimiento,0.0,0.0,0.0,0.0,0.0,0.0
catatumbo,catatumbo_c0056,1999.0,Catatumbo,2022-04-26,audiencia_reconocimiento,0.0,0.0,0.0,0.0,0.0,0.0
catatumbo,catatumbo_c0057,1293.0,Catatumbo,2022-04-26,audiencia_reconocimiento,0.0,0.0,0.0,0.0,0.0,0.0
dabeiba,dabeiba_c0000,1999.0,Dabeiba,2023-01-01,audiencia_reconocimiento,1.0,0.0,0.0,14.0,0.0,0.0
dabeiba,dabeiba_c0001,2000.0,Dabeiba,2023-01-01,audiencia_reconocimiento,1.0,1.0,0.0,6.0,1.0,0.0
dabeiba,dabeiba_c0002,1999.0,Dabeiba,2023-01-01,audiencia_reconocimiento,1.0,0.0,0.0,10.0,0.0,0.0
dabeiba,dabeiba_c0003,2000.0,Dabeiba,2023-01-01,audiencia_reconocimiento,1.0,1.0,0.0,11.0,4.0,0.0
dabeiba,dabeiba_c0004,2000.0,Dabeiba,2023-01-01,audiencia_reconocimiento,1.0,0.375,0.1667,10.0,3.0,1.0
dabeiba,dabeiba_c0005,1999.0,Dabeiba,2023-01-01,audiencia_reconocimiento,0.3781,0.0729,0.0,5.0,1.0,0.0
dabeiba,dabeiba_c0006,1999.0,Dabeiba,2023-01-01,audiencia_reconocimiento,0.6644,0.3704,0.0,9.0,4.0,0.0
dabeiba,dabeiba_c0007,2000.0,Dabeiba,2023-01-01,audiencia_reconocimiento,1.0,0.2564,0.0,23.0,2.0,0.0
dabeiba,dabeiba_c0008,2000.0,Dabeiba,2023-01-01,audiencia_reconocimiento,1.0,0.0,0.0,9.0,0.0,0.0
dabeiba,dabeiba_c0009,1999.0,Dabeiba,2023-01-01,audiencia_reconocimiento,0.6222,0.0,0.0,5.0,0.0,0.0
dabeiba,dabeiba_c0010,2000.0,Dabeiba,2023-01-01,audiencia_reconocimiento,1.0,0.0,0.0,9.0,0.0,0.0
dabeiba,dabeiba_c0011,2000.0,Dabeiba,2023-01-01,audiencia_reconocimiento,0.5,0.0,0.0,5.0,0.0,0.0
dabeiba,dabeiba_c0012,1998.0,Dabeiba,2023-01-01,audiencia_reconocimiento,0.4864,0.2121,0.225,5.0,2.0,1.0
dabeiba,dabeiba_c0013,2000.0,Dabeiba,2023-01-01,audiencia_reconocimiento,0.7,0.2179,0.1442,7.0,2.0,1.0
dabeiba,dabeiba_c0014,2000.0,Dabeiba,2023-01-01,audiencia_reconocimiento,0.8658,0.0794,0.0952,13.0,1.0,1.0
dabeiba,dabeiba_c0015,2000.0,Dabeiba,2023-01-01,audiencia_reconocimiento,0.98,0.0,0.0,12.0,0.0,0.0
dabeiba,dabeiba_c0016,2000.0,Dabeiba,2023-01-01,audiencia_reconocimiento,1.0,0.0,0.1731,10.0,0.0,1.0
dabeiba,dabeiba_c0017,2000.0,Dabeiba,2023-01-01,audiencia_reconocimiento,0.7654,0.0,0.0,8.0,0.0,0.0
dabeiba,dabeiba_c0018,2000.0,Dabeiba,2023-01-01,audiencia_reconocimiento,0.6011,0.0,0.0,5.0,0.0,0.0
dabeiba,dabeiba_c0019,1999.0,Dabeiba,2023-01-01,audiencia_reconocimiento,1.0,1.0,0.625,12.0,3.0,1.0
dabeiba,dabeiba_c0020,2000.0,Dabeiba,2023-01-01,audiencia_reconocimiento,1.0,0.0,0.0,8.0,0.0,0.0
dabeiba,dabeiba_c0021,2000.0,Dabeiba,2023-01-01,audiencia_reconocimiento,1.0,0.6667,0.0,17.0,4.0,0.0
dabeiba,dabeiba_c0022,2000.0,Dabeiba,2023-01-01,audiencia_reconocimiento,1.0,0.1458,0.4688,14.0,1.0,2.0
dabeiba,dabeiba_c0023,1999.0,Dabeiba,2023-01-01,audiencia_reconocimiento,1.0,0.5556,0.0,12.0,3.0,0.0
dabeiba,dabeiba_c0024,1999.0,Dabeiba,2023-01-01,audiencia_reconocimiento,0.2854,0.3846,0.0,3.0,3.0,0.0
dabeiba,dabeiba_c0025,2000.0,Dabeiba,2023-01-01,audiencia_reconocimiento,0.5167,0.2222,0.0,7.0,2.0,0.0
dabeiba,dabeiba_c0026,2000.0,Dabeiba,2023-01-01,audiencia_reconocimiento,1.0,0.3571,0.0,10.0,3.0,0.0
dabeiba,dabeiba_c0027,2000.0,Dabeiba,2023-01-01,audiencia_reconocimiento,1.0,0.0,0.0,5.0,0.0,0.0
dabeiba,dabeiba_c0028,1999.0,Dabeiba,2023-01-01,audiencia_reconocimiento,1.0,0.0,0.0,4.0,0.0,0.0
dabeiba,dabeiba_c0029,2000.0,Dabeiba,2023-01-01,audiencia_reconocimiento,0.4175,0.2778,0.2062,4.0,2.0,1.0
dabeiba,dabeiba_c0030,1999.0,Dabeiba,2023-01-01,audiencia_reconocimiento,0.7091,1.0,0.0,6.0,8.0,0.0
dabeiba,dabeiba_c0031,1999.0,Dabeiba,2023-01-01,audiencia_reconocimiento,1.0,0.7738,0.0,14.0,4.0,0.0
dabeiba,dabeiba_c0032,2000.0,Dabeiba,2023-01-01,audiencia_reconocimiento,1.0,0.3333,0.0,10.0,2.0,0.0
dabeiba,dabeiba_c0033,1999.0,Dabeiba,2023-01-01,audiencia_reconocimiento,0.65,0.2083,0.2812,4.0,1.0,1.0
dabeiba,dabeiba_c0034,2000.0,Dabeiba,2023-01-01,audiencia_reconocimiento,0.7962,0.1282,0.0,8.0,1.0,0.0
dabeiba,dabeiba_c0035,1999.0,Dabeiba,2023-01-01,audiencia_reconocimiento,0.3794,0.5263,0.0,6.0,6.0,0.0
dabeiba,dabeiba_c0036,1999.0,Dabeiba,2023-01-01,audiencia_reconocimiento,0.2438,0.4167,0.1562,3.0,4.0,1.0
dabeiba,dabeiba_c0037,1999.0,Dabeiba,2023-01-01,audiencia_reconocimiento,0.5056,0.0,0.0,7.0,0.0,0.0
dabeiba,dabeiba_c0038,2000.0,Dabeiba,2023-01-01,audiencia_reconocimiento,0.4225,0.2813,0.0,5.0,3.0,0.0
dabeiba,dabeiba_c0039,2000.0,Dabeiba,2023-01-01,audiencia_reconocimiento,0.7858,0.0,0.0,7.0,0.0,0.0
dabeiba,dabeiba_c0040,2000.0,Dabeiba,2023-01-01,audiencia_reconocimiento,0.39,0.2024,0.0,4.0,2.0,0.0
dabeiba,dabeiba_c0041,2000.0,Dabeiba,2023-01-01,audiencia_reconocimiento,0.3583,0.0926,0.125,6.0,1.0,1.0
dabeiba,dabeiba_c0042,1999.0,Dabeiba,2023-01-01,audiencia_reconocimiento,0.8509,0.2222,0.15,7.0,2.0,1.0
dabeiba,dabeiba_c0043,2000.0,Dabeiba,2023-01-01,audiencia_reconocimiento,0.76,0.0,0.0,4.0,0.0,0.0
dabeiba,dabeiba_c0044,2000.0,Dabeiba,2023-01-01,audiencia_reconocimiento,0.8667,0.0,0.0,2.0,0.0,0.0
dabeiba,dabeiba_c0045,1999.0,Dabeiba,2023-01-01,audiencia_reconocimiento,1.0,0.0,0.0,8.0,0.0,0.0
dabeiba,dabeiba_c0046,1999.0,Dabeiba,2023-01-01,audiencia_reconocimiento,0.6722,0.0,0.6944,5.0,0.0,3.0
dabeiba,dabeiba_c0047,2000.0,Dabeiba,2023-01-01,audiencia_reconocimiento,0.65,0.0,0.2475,5.0,0.0,1.0
dabeiba,dabeiba_c0048,1999.0,Dabeiba,2023-01-01,audiencia_reconocimiento,0.6,0.1282,0.0,6.0,1.0,0.0
dabeiba,dabeiba_c0049,2000.0,Dabeiba,2023-01-01,audiencia_reconocimiento,1.0,0.3333,0.1875,10.0,2.0,1.0
dabeiba,dabeiba_c0050,2000.0,Dabeiba,2023-01-01,audiencia_reconocimiento,1.0,0.0,0.1442,10.0,0.0,1.0
dabeiba,dabeiba_c0051,2000.0,Dabeiba,2023-01-01,audiencia_reconocimiento,1.0,0.0,0.0,20.0,0.0,0.0
dabeiba,dabeiba_c0052,2000.0,Dabeiba,2023-01-01,audiencia_reconocimiento,0.4643,0.0,0.0,5.0,0.0,0.0
dabeiba,dabeiba_c0053,2000.0,Dabeiba,2023-01-01,audiencia_reconocimiento,1.0,0.1389,0.0,10.0,1.0,0.0
dabeiba,dabeiba_c0054,1999.0,Dabeiba,2023-01-01,audiencia_reconocimiento,1.0,0.0,0.0,9.0,0.0,0.0
dabeiba,dabeiba_c0055,1999.0,Dabeiba,2023-01-01,audiencia_reconocimiento,0.5308,0.0,0.0,6.0,0.0,0.0
dabeiba,dabeiba_c0056,2000.0,Dabeiba,2023-01-01,audiencia_reconocimiento,0.3611,0.0,0.0,5.0,0.0,0.0
dabeiba,dabeiba_c0057,2000.0,Dabeiba,2023-01-01,audiencia_reconocimiento,0.2464,0.1111,0.0,3.0,1.0,0.0
dabeiba,dabeiba_c0058,2000.0,Dabeiba,2023-01-01,audiencia_reconocimiento,0.5909,0.0,0.0,5.0,0.0,0.0
dabeiba,dabeiba_c0059,2000.0,Dabeiba,2023-01-01,audiencia_reconocimiento,0.8583,0.2778,0.0,4.0,1.0,0.0
dabeiba,dabeiba_c0060,1998.0,Dabeiba,2023-01-01,audiencia_reconocimiento,1.0,0.0,0.0,4.0,0.0,0.0
dabeiba,dabeiba_c0061,1999.0,Dabeiba,2023-01-01,audiencia_reconocimiento,0.52,0.3333,0.0,2.0,1.0,0.0
dabeiba,dabeiba_c0062,2000.0,Dabeiba,2023-01-01,audiencia_reconocimiento,1.0,0.0,0.0,12.0,0.0,0.0
dabeiba,dabeiba_c0063,2000.0,Dabeiba,2023-01-01,audiencia_reconocimiento,0.2262,0.1587,0.0,4.0,2.0,0.0
dabeiba,dabeiba_c0064,2000.0,Dabeiba,2023-01-01,audiencia_reconocimiento,0.9259,0.0,0.0,12.0,0.0,0.0
dabeiba,dabeiba_c0065,2000.0,Dabeiba,2023-01-01,audiencia_reconocimiento,0.445,0.0,0.1184,7.0,0.0,1.0
dabeiba,dabeiba_c0066,2000.0,Dabeiba,2023-01-01,audiencia_reconocimiento,1.0,0.0985,0.0,13.0,1.0,0.0
dabeiba,dabeiba_c0067,2000.0,Dabeiba,2023-01-01,audiencia_reconocimiento,0.5778,0.3889,0.0,4.0,3.0,0.0
dabeiba,dabeiba_c0068,1999.0,Dabeiba,2023-01-01,audiencia_reconocimiento,0.9014,0.7381,0.0,5.0,4.0,0.0
dabeiba,dabeiba_c0069,2000.0,Dabeiba,2023-01-01,audiencia_reconocimiento,0.1382,0.1961,0.0,2.0,2.0,0.0
dabeiba,dabeiba_c0070,2000.0,Dabeiba,2023-01-01,audiencia_reconocimiento,0.7571,0.4762,0.1607,8.0,4.0,1.0
dabeiba,dabeiba_c0071,2000.0,Dabeiba,2023-01-01,audiencia_reconocimiento,0.3733,0.3556,0.165,5.0,5.0,1.0
dabeiba,dabeiba_c0072,1999.0,Dabeiba,2023-01-01,audiencia_reconocimiento,0.4844,0.0463,0.1042,7.0,2.0,1.0
dabeiba,dabeiba_c0073,1999.0,Dabeiba,2023-01-01,audiencia_reconocimiento,0.6654,0.0833,0.0,7.0,1.0,0.0
dabeiba,dabeiba_c0074,2000.0,Dabeiba,2023-01-01,audiencia_reconocimiento,1.0,0.0833,0.0,12.0,1.0,0.0
dabeiba,dabeiba_c0075,2000.0,Dabeiba,2023-01-01,audiencia_reconocimiento,0.4,0.0778,0.15,4.0,1.0,1.0
dabeiba,dabeiba_c0076,1999.0,Dabeiba,2023-01-01,audiencia_reconocimiento,0.845,0.3667,0.0,13.0,5.0,0.0
dabeiba,dabeiba_c0077,2000.0,Dabeiba,2023-01-01,audiencia_reconocimiento,0.6771,0.0,0.0,9.0,0.0,0.0
dabeiba,dabeiba_c0078,1999.0,Dabeiba,2023-01-01,audiencia_reconocimiento,0.9755,0.0,0.2273,8.0,0.0,1.0
dabeiba,dabeiba_c0079,2000.0,Dabeiba,2023-01-01,audiencia_reconocimiento,0.7425,0.2361,0.3958,7.0,2.0,2.0
dabeiba,dabeiba_c0080,2000.0,Dabeiba,2023-01-01,audiencia_reconocimiento,1.0,0.0,0.1923,12.0,0.0,1.0
dabeiba,dabeiba_c0081,2000.0,Dabeiba,2023-01-01,audiencia_reconocimiento,0.761,0.5667,0.0,6.0,4.0,0.0
dabeiba,dabeiba_c0082,2000.0,Dabeiba,2023-01-01,audiencia_reconocimiento,0.47,0.325,0.0,5.0,3.0,0.0
dabeiba,dabeiba_c0083,2000.0,Dabeiba,2023-01-01,audiencia_reconocimiento,0.7569,0.1719,0.0,10.0,2.0,0.0
dabeiba,dabeiba_c0084,2000.0,Dabeiba,2023-01-01,audiencia_reconocimiento,1.0,0.0,0.1562,10.0,0.0,1.0
dabeiba,dabeiba_c0085,2000.0,Dabeiba,2023-01-01,audiencia_reconocimiento,1.0,0.0,0.2812,6.0,0.0,1.0
dabeiba,dabeiba_c0086,2000.0,Dabeiba,2023-01-01,audiencia_reconocimiento,0.6682,0.0985,0.2045,6.0,1.0,1.0
dabeiba,dabeiba_c0087,2000.0,Dabeiba,2023-01-01,audiencia_reconocimiento,0.7614,0.0,0.0,8.0,0.0,0.0
dabeiba,dabeiba_c0088,2000.0,Dabeiba,2023-01-01,audiencia_reconocimiento,1.0,0.4167,0.0,22.0,2.0,0.0
dabeiba,dabeiba_c0089,2000.0,Dabeiba,2023-01-01,audiencia_reconocimiento,1.0,0.15,0.0,12.0,1.0,0.0
dabeiba,dabeiba_c0090,1999.0,Dabeiba,2023-01-01,audiencia_reconocimiento,1.0,0.1667,0.3571,6.0,1.0,1.0
dabeiba,dabeiba_c0091,2000.0,Dabeiba,2023-01-01,audiencia_reconocimiento,1.0,0.0,0.0,8.0,0.0,0.0
dabeiba,dabeiba_c0092,1999.0,Dabeiba,2023-01-01,audiencia_reconocimiento,0.78,0.0,0.0,6.0,0.0,0.0
dabeiba,dabeiba_c0093,2000.0,Dabeiba,2023-01-01,audiencia_reconocimiento,1.0,0.3889,0.0,10.0,1.0,0.0
dabeiba,dabeiba_c0094,2000.0,Dabeiba,2023-01-01,audiencia_reconocimiento,1.0,1.0,0.0,8.0,4.0,0.0
dabeiba,dabeiba_c0095,2000.0,Dabeiba,2023-01-01,audiencia_reconocimiento,1.0,0.0,0.0,13.0,0.0,0.0
dabeiba,dabeiba_c0096,1999.0,Dabeiba,2023-01-01,audiencia_reconocimiento,1.0,0.0,0.0,15.0,0.0,0.0
dabeiba,dabeiba_c0097,1999.0,Dabeiba,2023-01-01,audiencia_reconocimiento,1.0,0.5556,0.0,15.0,4.0,0.0
dabeiba,dabeiba_c0098,2000.0,Dabeiba,2023-01-01,audiencia_reconocimiento,1.0,0.2987,0.0,10.0,3.0,0.0
dabeiba,dabeiba_c0099,2000.0,Dabeiba,2023-01-01,audiencia_reconocimiento,0.1182,0.0,0.1031,2.0,0.0,1.0
dabeiba,dabeiba_c0100,2000.0,Dabeiba,2023-01-01,audiencia_reconocimiento,1.0,0.119,0.0,16.0,1.0,0.0
dabeiba,dabeiba_c0101,2000.0,Dabeiba,2023-01-01,audiencia_reconocimiento,0.9111,0.1167,0.0,7.0,1.0,0.0
dabeiba,dabeiba_c0102,2000.0,Dabeiba,2023-01-01,audiencia_reconocimiento,0.9045,0.0,0.0,8.0,0.0,0.0
dabeiba,dabeiba_c0103,2000.0,Dabeiba,2023-01-01,audiencia_reconocimiento,1.0,0.3542,0.0,13.0,2.0,0.0
dabeiba,dabeiba_c0104,1999.0,Dabeiba,2023-01-01,audiencia_reconocimiento,0.9175,0.1875,0.375,10.0,2.0,2.0
dabeiba,dabeiba_c0105,2000.0,Dabeiba,2023-01-01,audiencia_reconocimiento,1.0,0.3333,0.0,10.0,2.0,0.0
dabeiba,dabeiba_c0106,2000.0,Dabeiba,2023-01-01,audiencia_reconocimiento,1.0,0.0,0.0,11.0,0.0,0.0
dabeiba,dabeiba_c0107,2000.0,Dabeiba,2023-01-01,audiencia_reconocimiento,1.0,0.0,0.0,6.0,0.0,0.0
dabeiba,dabeiba_c0108,1999.0,Dabeiba,2023-01-01,audiencia_reconocimiento,0.8636,0.0,0.3846,8.0,0.0,2.0
dabeiba,dabeiba_c0109,2000.0,Dabeiba,2023-01-01,audiencia_reconocimiento,0.242,0.0595,0.0,5.0,1.0,0.0
dabeiba,dabeiba_c0110,2000.0,Dabeiba,2023-01-01,audiencia_reconocimiento,0.3263,0.0877,0.0,5.0,1.0,0.0
dabeiba,dabeiba_c0111,2000.0,Dabeiba,2023-01-01,audiencia_reconocimiento,0.4567,0.1111,0.0,6.0,1.0,0.0
dabeiba,dabeiba_c0112,2000.0,Dabeiba,2023-01-01,audiencia_reconocimiento,0.8508,0.1389,0.0,8.0,1.0,0.0
dabeiba,dabeiba_c0113,2000.0,Dabeiba,2023-01-01,audiencia_reconocimiento,0.7873,0.6944,0.0,7.0,5.0,0.0
dabeiba,dabeiba_c0114,2000.0,Dabeiba,2023-01-01,audiencia_reconocimiento,0.2812,0.1042,0.4641,4.0,1.0,3.0
dabeiba,dabeiba_c0115,2000.0,Dabeiba,2023-01-01,audiencia_reconocimiento,0.65,0.1167,0.0,4.0,1.0,0.0
dabeiba,dabeiba_c0116,2000.0,Dabeiba,2023-01-01,audiencia_reconocimiento,0.9244,0.0,0.0,6.0,0.0,0.0
dabeiba,dabeiba_c0117,2000.0,Dabeiba,2023-01-01,audiencia_reconocimiento,1.0,0.7,0.0,7.0,3.0,0.0
dabeiba,dabeiba_c0118,1999.0,Dabeiba,2023-01-01,audiencia_reconocimiento,1.0,1.0,0.0,8.0,2.0,0.0
dabeiba,dabeiba_c0119,1999.0,Dabeiba,2023-01-01,audiencia_reconocimiento,1.0,1.0,0.0,11.0,5.0,0.0
huila,huila_c0000,2000.0,Huila,2022-01-01,audiencia_reconocimiento,0.8036,0.0,0.0,9.0,0.0,0.0
huila,huila_c0001,2000.0,Huila,2022-01-01,audiencia_reconocimiento,1.0,0.7407,0.0,13.0,4.0,0.0
huila,huila_c0002,2000.0,Huila,2022-01-01,audiencia_reconocimiento,0.7714,0.3571,0.0,9.0,3.0,0.0
huila,huila_c0003,2000.0,Huila,2022-01-01,audiencia_reconocimiento,0.9,0.2778,0.0,9.0,2.0,0.0
huila,huila_c0004,2000.0,Huila,2022-01-01,audiencia_reconocimiento,0.5864,0.2576,0.2045,5.0,2.0,1.0
huila,huila_c0005,1999.0,Huila,2022-01-01,audiencia_reconocimiento,0.9687,0.2083,0.0,7.0,1.0,0.0
huila,huila_c0006,2000.0,Huila,2022-01-01,audiencia_reconocimiento,0.91,0.1515,0.0,7.0,1.0,0.0
huila,huila_c0007,2000.0,Huila,2022-01-01,audiencia_reconocimiento,1.0,0.2381,0.3214,12.0,1.0,1.0
huila,huila_c0008,2000.0,Huila,2022-01-01,audiencia_reconocimiento,0.6615,0.0897,0.0,7.0,1.0,0.0
huila,huila_c0009,2000.0,Huila,2022-01-01,audiencia_reconocimiento,0.5778,0.1852,0.0,4.0,1.0,0.0
huila,huila_c0010,2000.0,Huila,2022-01-01,audiencia_reconocimiento,0.3958,0.0,0.0,4.0,0.0,0.0
huila,huila_c0011,2000.0,Huila,2022-01-01,audiencia_reconocimiento,0.7875,0.0298,0.0,9.0,1.0,0.0
huila,huila_c0012,2000.0,Huila,2022-01-01,audiencia_reconocimiento,0.9611,0.3333,0.0,7.0,2.0,0.0
huila,huila_c0013,2000.0,Huila,2022-01-01,audiencia_reconocimiento,1.0,0.6667,0.0,9.0,4.0,0.0
huila,huila_c0014,1999.0,Huila,2022-01-01,audiencia_reconocimiento,1.0,0.8333,0.4688,5.0,2.0,1.0
huila,huila_c0015,2000.0,Huila,2022-01-01,audiencia_reconocimiento,1.0,1.0,0.0,5.0,4.0,0.0
huila,huila_c0016,2000.0,Huila,2022-01-01,audiencia_reconocimiento,1.0,1.0,0.0,9.0,6.0,0.0
huila,huila_c0017,2000.0,Huila,2022-01-01,audiencia_reconocimiento,1.0,1.0,0.0,7.0,3.0,0.0
huila,huila_c0018,2000.0,Huila,2022-01-01,audiencia_reconocimiento,1.0,0.5556,0.7917,8.0,2.0,2.0
huila,huila_c0019,2000.0,Huila,2022-01-01,audiencia_reconocimiento,1.0,0.4167,1.0,6.0,1.0,2.0
huila,huila_c0020,2000.0,Huila,2022-01-01,audiencia_reconocimiento,1.0,0.1515,0.0,10.0,1.0,0.0
huila,huila_c0021,2000.0,Huila,2022-01-01,audiencia_reconocimiento,1.0,0.1667,0.0,9.0,1.0,0.0
huila,huila_c0022,2000.0,Huila,2022-01-01,audiencia_reconocimiento,0.4321,0.0,0.0,5.0,0.0,0.0
huila,huila_c0023,2000.0,Huila,2022-01-01,audiencia_reconocimiento,0.4433,0.1042,0.0,6.0,1.0,0.0
huila,huila_c0024,2000.0,Huila,2022-01-01,audiencia_reconocimiento,0.6544,0.1042,0.1406,8.0,1.0,1.0
huila,huila_c0025,1999.0,Huila,2022-01-01,audiencia_reconocimiento,1.0,0.0,0.0,9.0,0.0,0.0
huila,huila_c0026,2000.0,Huila,2022-01-01,audiencia_reconocimiento,0.86,0.3333,0.0,7.0,2.0,0.0
huila,huila_c0027,1999.0,Huila,2022-01-01,audiencia_reconocimiento,1.0,0.0,0.0,6.0,0.0,0.0
huila,huila_c0028,2000.0,Huila,2022-01-01,audiencia_reconocimiento,1.0,0.0,0.0,5.0,0.0,0.0
huila,huila_c0029,2000.0,Huila,2022-01-01,audiencia_reconocimiento,0.6143,0.0,0.0,4.0,0.0,0.0
huila,huila_c0030,2000.0,Huila,2022-01-01,audiencia_reconocimiento,0.3833,0.0,0.0,3.0,0.0,0.0
huila,huila_c0031,2000.0,Huila,2022-01-01,audiencia_reconocimiento,1.0,0.0321,0.3846,11.0,1.0,2.0
huila,huila_c0032,1999.0,Huila,2022-01-01,audiencia_reconocimiento,0.7455,0.1111,0.0,7.0,1.0,0.0
huila,huila_c0033,2000.0,Huila,2022-01-01,audiencia_reconocimiento,0.4875,0.0,0.0,3.0,0.0,0.0
huila,huila_c0034,2000.0,Huila,2022-01-01,audiencia_reconocimiento,0.6167,0.3778,0.0,8.0,4.0,0.0
huila,huila_c0035,2000.0,Huila,2022-01-01,audiencia_reconocimiento,1.0,0.1667,0.0,8.0,1.0,0.0
huila,huila_c0036,2000.0,Huila,2022-01-01,audiencia_reconocimiento,0.6273,0.0972,0.0,5.0,1.0,0.0
huila,huila_c0037,2000.0,Huila,2022-01-01,audiencia_reconocimiento,0.764,0.0,0.0,9.0,0.0,0.0
huila,huila_c0038,1998.0,Huila,2022-01-01,audiencia_reconocimiento,0.3013,0.1042,0.0,4.0,1.0,0.0
huila,huila_c0039,2000.0,Huila,2022-01-01,audiencia_reconocimiento,0.3823,0.0758,0.0,7.0,1.0,0.0
huila,huila_c0040,2000.0,Huila,2022-01-01,audiencia_reconocimiento,0.1953,0.0,0.1125,3.0,0.0,1.0
huila,huila_c0041,2000.0,Huila,2022-01-01,audiencia_reconocimiento,0.0796,0.119,0.0,2.0,2.0,0.0
huila,huila_c0042,1999.0,Huila,2022-01-01,audiencia_reconocimiento,0.3269,0.119,0.0,5.0,1.0,0.0
huila,huila_c0043,1998.0,Huila,2022-01-01,audiencia_reconocimiento,0.1304,0.1333,0.0,3.0,2.0,0.0
huila,huila_c0044,2000.0,Huila,2022-01-01,audiencia_reconocimiento,0.4756,0.0,0.0,6.0,0.0,0.0
huila,huila_c0045,2000.0,Huila,2022-01-01,audiencia_reconocimiento,0.794,0.1111,0.0,10.0,1.0,0.0
huila,huila_c0046,1999.0,Huila,2022-01-01,audiencia_reconocimiento,1.0,0.2333,0.5,10.0,1.0,1.0
huila,huila_c0047,2000.0,Huila,2022-01-01,audiencia_reconocimiento,1.0,0.6667,0.45,14.0,2.0,1.0
huila,huila_c0048,1998.0,Huila,2022-01-01,audiencia_reconocimiento,1.0,0.0,1.0,6.0,0.0,2.0
huila,huila_c0049,2000.0,Huila,2022-01-01,audiencia_reconocimiento,1.0,1.0,0.0,9.0,3.0,0.0
huila,huila_c0050,2000.0,Huila,2022-01-01,audiencia_reconocimiento,1.0,0.2917,0.625,19.0,1.0,1.0
huila,huila_c0051,2000.0,Huila,2022-01-01,audiencia_reconocimiento,1.0,0.5556,0.0,19.0,1.0,0.0
huila,huila_c0052,2000.0,Huila,2022-01-01,audiencia_reconocimiento,1.0,0.0,0.0,12.0,0.0,0.0
huila,huila_c0053,2000.0,Huila,2022-01-01,audiencia_reconocimiento,1.0,1.0,1.0,21.0,3.0,2.0
huila,huila_c0054,2000.0,Huila,2022-01-01,audiencia_reconocimiento,1.0,0.8333,1.0,10.0,1.0,1.0
huila,huila_c0055,2000.0,Huila,2022-01-01,audiencia_reconocimiento,1.0,0.0,0.2344,11.0,0.0,1.0
huila,huila_c0056,2000.0,Huila,2022-01-01,audiencia_reconocimiento,0.8509,0.0,0.1875,7.0,0.0,1.0
huila,huila_c0057,2000.0,Huila,2022-01-01,audiencia_reconocimiento,0.86,0.6667,0.0,4.0,2.0,0.0
huila,huila_c0058,1999.0,Huila,2022-01-01,audiencia_reconocimiento,1.0,0.2576,0.0,9.0,2.0,0.0
huila,huila_c0059,1999.0,Huila,2022-01-01,audiencia_reconocimiento,1.0,0.2083,0.3125,9.0,1.0,1.0
huila,huila_c0060,2000.0,Huila,2022-01-01,audiencia_reconocimiento,0.55,0.0,0.1705,5.0,0.0,1.0
huila,huila_c0061,1999.0,Huila,2022-01-01,audiencia_reconocimiento,0.52,0.0,0.0,4.0,0.0,0.0
huila,huila_c0062,2000.0,Huila,2022-01-01,audiencia_reconocimiento,1.0,0.2083,0.0,8.0,1.0,0.0
huila,huila_c0063,1999.0,Huila,2022-01-01,audiencia_reconocimiento,1.0,0.1131,0.1339,9.0,2.0,1.0
huila,huila_c0064,2000.0,Huila,2022-01-01,audiencia_reconocimiento,1.0,1.0,0.0,5.0,5.0,0.0
huila,huila_c0065,2000.0,Huila,2022-01-01,audiencia_reconocimiento,0.78,0.1389,0.0,3.0,2.0,0.0
huila,huila_c0066,2000.0,Huila,2022-01-01,audiencia_reconocimiento,1.0,0.1061,0.2273,10.0,1.0,1.0
huila,huila_c0067,2000.0,Huila,2022-01-01,audiencia_reconocimiento,1.0,0.2381,0.3571,13.0,1.0,1.0
huila,huila_c0068,2000.0,Huila,2022-01-01,audiencia_reconocimiento,0.936,0.2833,0.0,7.0,2.0,0.0
huila,huila_c0069,2000.0,Huila,2022-01-01,audiencia_reconocimiento,0.8375,0.2917,0.9344,5.0,2.0,3.0
huila,huila_c0070,1999.0,Huila,2022-01-01,audiencia_reconocimiento,1.0,0.7083,0.45,8.0,11.0,2.0
huila,huila_c0071,2000.0,Huila,2022-01-01,audiencia_reconocimiento,1.0,0.0,0.475,9.0,0.0,2.0
huila,huila_c0072,1999.0,Huila,2022-01-01,audiencia_reconocimiento,1.0,0.0,0.0,7.0,0.0,0.0
huila,huila_c0073,2000.0,Huila,2022-01-01,audiencia_reconocimiento,0.735,0.1667,0.0,6.0,1.0,0.0
huila,huila_c0074,1999.0,Huila,2022-01-01,audiencia_reconocimiento,0.7429,0.4762,0.3571,4.0,2.0,1.0
huila,huila_c0075,2000.0,Huila,2022-01-01,audiencia_reconocimiento,1.0,0.2778,1.0,8.0,1.0,3.0
huila,huila_c0076,1999.0,Huila,2022-01-01,audiencia_reconocimiento,1.0,0.4762,0.0,7.0,2.0,0.0
huila,huila_c0077,2000.0,Huila,2022-01-01,audiencia_reconocimiento,0.2,0.2564,0.0,2.0,2.0,0.0
huila,huila_c0078,2000.0,Huila,2022-01-01,audiencia_reconocimiento,0.0,0.2778,0.2083,0.0,2.0,1.0
huila,huila_c0079,2000.0,Huila,2022-01-01,audiencia_reconocimiento,0.8227,0.0,0.0,8.0,0.0,0.0
huila,huila_c0080,2000.0,Huila,2022-01-01,audiencia_reconocimiento,0.575,0.625,0.4125,3.0,3.0,1.0
huila,huila_c0081,1999.0,Huila,2022-01-01,audiencia_reconocimiento,0.8854,0.0,0.5161,9.0,0.0,3.0
huila,huila_c0082,2000.0,Huila,2022-01-01,audiencia_reconocimiento,0.72,0.1923,0.1923,7.0,3.0,1.0
huila,huila_c0083,2000.0,Huila,2022-01-01,audiencia_reconocimiento,0.4333,0.0,0.1923,4.0,0.0,1.0
huila,huila_c0084,1999.0,Huila,2022-01-01,audiencia_reconocimiento,1.0,0.1667,0.0,9.0,1.0,0.0
huila,huila_c0085,1999.0,Huila,2022-01-01,audiencia_reconocimiento,0.7962,0.5128,0.1731,8.0,4.0,1.0
huila,huila_c0086,2000.0,Huila,2022-01-01,audiencia_reconocimiento,0.8841,0.0,0.125,11.0,0.0,1.0
huila,huila_c0087,2000.0,Huila,2022-01-01,audiencia_reconocimiento,0.0619,0.0,0.0,1.0,0.0,0.0
huila,huila_c0088,1999.0,Huila,2022-01-01,audiencia_reconocimiento,0.3824,0.0439,0.6526,5.0,2.0,5.0
huila,huila_c0089,2000.0,Huila,2022-01-01,audiencia_reconocimiento,0.65,0.3472,0.0,6.0,4.0,0.0
huila,huila_c0090,1999.0,Huila,2022-01-01,audiencia_reconocimiento,0.6043,0.7143,0.1768,7.0,6.0,1.0
huila,huila_c0091,2000.0,Huila,2022-01-01,audiencia_reconocimiento,0.4333,0.1282,0.0,4.0,1.0,0.0
huila,huila_c0092,2000.0,Huila,2022-01-01,audiencia_reconocimiento,1.0,0.0,0.225,12.0,0.0,1.0
huila,huila_c0093,1999.0,Huila,2022-01-01,audiencia_reconocimiento,1.0,0.2083,0.2344,7.0,1.0,1.0
huila,huila_c0094,1999.0,Huila,2022-01-01,audiencia_reconocimiento,0.4333,0.0,0.0,3.0,0.0,0.0
huila,huila_c0095,2000.0,Huila,2022-01-01,audiencia_reconocimiento,0.761,0.1515,0.2045,6.0,1.0,1.0
huila,huila_c0096,2000.0,Huila,2022-01-01,audiencia_reconocimiento,1.0,0.0,0.0,4.0,0.0,0.0
huila,huila_c0097,1999.0,Huila,2022-01-01,audiencia_reconocimiento,1.0,0.0,0.0,13.0,0.0,0.0
huila,huila_c0098,2000.0,Huila,2022-01-01,audiencia_reconocimiento,0.845,0.3148,0.2083,5.0,2.0,1.0
huila,huila_c0099,2000.0,Huila,2022-01-01,audiencia_reconocimiento,1.0,0.0,0.0,8.0,0.0,0.0
huila,huila_c0100,2000.0,Huila,2022-01-01,audiencia_reconocimiento,1.0,0.1852,0.4583,10.0,1.0,2.0
huila,huila_c0101,2000.0,Huila,2022-01-01,audiencia_reconocimiento,1.0,0.0,0.625,11.0,0.0,3.0
huila,huila_c0102,1999.0,Huila,2022-01-01,audiencia_reconocimiento,0.735,0.2833,0.0,6.0,2.0,0.0
huila,huila_c0103,2000.0,Huila,2022-01-01,audiencia_reconocimiento,1.0,0.0897,0.0,12.0,1.0,0.0
huila,huila_c0104,1998.0,Huila,2022-01-01,audiencia_reconocimiento,1.0,0.2381,0.0,8.0,1.0,0.0
huila,huila_c0105,2000.0,Huila,2022-01-01,audiencia_reconocimiento,1.0,0.0,0.0,9.0,0.0,0.0
huila,huila_c0106,1999.0,Huila,2022-01-01,audiencia_reconocimiento,0.5042,0.1795,0.0,5.0,2.0,0.0
huila,huila_c0107,2000.0,Huila,2022-01-01,audiencia_reconocimiento,0.7562,0.4375,0.0,5.0,3.0,0.0
huila,huila_c0108,1999.0,Huila,2022-01-01,audiencia_reconocimiento,1.0,0.2083,0.25,14.0,1.0,1.0
huila,huila_c0109,2000.0,Huila,2022-01-01,audiencia_reconocimiento,1.0,0.0,0.0,9.0,0.0,0.0
huila,huila_c0110,2000.0,Huila,2022-01-01,audiencia_reconocimiento,1.0,0.1515,0.0,13.0,1.0,0.0
huila,huila_c0111,1998.0,Huila,2022-01-01,audiencia_reconocimiento,0.8292,0.3397,0.0,8.0,3.0,0.0
huila,huila_c0112,1999.0,Huila,2022-01-01,audiencia_reconocimiento,1.0,0.0,0.0,11.0,0.0,0.0
huila,huila_c0113,2000.0,Huila,2022-01-01,audiencia_reconocimiento,0.4308,0.0,0.0,5.0,0.0,0.0
huila,huila_c0114,2000.0,Huila,2022-01-01,audiencia_reconocimiento,1.0,0.0,0.0,13.0,0.0,0.0
huila,huila_c0115,2000.0,Huila,2022-01-01,audiencia_reconocimiento,0.9058,0.0,0.0,8.0,0.0,0.0
huila,huila_c0116,2000.0,Huila,2022-01-01,audiencia_reconocimiento,0.8636,0.0,0.0,7.0,0.0,0.0
huila,huila_c0117,2000.0,Huila,2022-01-01,audiencia_reconocimiento,0.8708,0.0,0.0,9.0,0.0,0.0
huila,huila_c0118,2000.0,Huila,2022-01-01,audiencia_reconocimiento,0.7691,0.0,0.0,7.0,0.0,0.0
huila,huila_c0119,2000.0,Huila,2022-01-01,audiencia_reconocimiento,0.72,0.2564,0.0,7.0,2.0,0.0
costa_caribe,costa_caribe_b0000,,,,,0.0,0.0,0.0,,,
costa_caribe,costa_caribe_b0001,,,,,0.0,0.0,0.0,,,
costa_caribe,costa_caribe_b0002,,,,,0.1238095238095238,0.303030303030303,0.0,,,
costa_caribe,costa_caribe_b0003,,,,,0.42,0.3214285714285714,0.0,,,
costa_caribe,costa_caribe_b0004,,,,,0.3124,0.1282051282051282,0.0,,,
costa_caribe,costa_caribe_b0005,,,,,0.4525,0.0617283950617283,0.0,,,
costa_caribe,costa_caribe_b0006,,,,,0.134375,0.0,0.0,,,
costa_caribe,costa_caribe_b0007,,,,,0.0565217391304347,0.1149425287356321,0.0,,,
costa_caribe,costa_caribe_b0008,,,,,1.0,0.4166666666666667,0.0,,,
costa_caribe,costa_caribe_b0009,,,,,1.0,0.5000000000000001,0.0,,,
costa_caribe,costa_caribe_b0010,,,,,1.0,0.1851851851851851,0.0,,,
costa_caribe,costa_caribe_b0011,,,,,1.0,0.7142857142857143,0.2857142857142857,,,
costa_caribe,costa_caribe_b0012,,,,,1.0,0.0,0.3522727272727272,,,
costa_caribe,costa_caribe_b0013,,,,,1.0,0.0,0.0,,,
costa_caribe,costa_caribe_b0014,,,,,1.0,0.7575757575757576,0.0,,,
costa_caribe,costa_caribe_b0015,,,,,1.0,0.5555555555555556,0.1666666666666666,,,
costa_caribe,costa_caribe_b0016,,,,,1.0,0.4166666666666667,0.0,,,
costa_caribe,costa_caribe_b0017,,,,,0.9227272727272728,0.7575757575757576,0.0,,,
costa_caribe,costa_caribe_b0018,,,,,1.0,0.5555555555555556,0.0,,,
costa_caribe,costa_caribe_b0019,,,,,1.0,0.0,0.0,,,
costa_caribe,costa_caribe_b0020,,,,,1.0,0.2333333333333333,0.3749999999999999,,,
costa_caribe,costa_caribe_b0021,,,,,1.0,0.1944444444444444,0.0,,,
costa_caribe,costa_caribe_b0022,,,,,1.0,0.0,0.234375,,,
costa_caribe,costa_caribe_b0023,,,,,0.631,0.0,0.25,,,
costa_caribe,costa_caribe_b0024,,,,,1.0,0.8333333333333334,0.0,,,
costa_caribe,costa_caribe_b0025,,,,,0.5909090909090909,0.0,0.0,,,
costa_caribe,costa_caribe_b0026,,,,,1.0,0.2638888888888889,0.0,,,
costa_caribe,costa_caribe_b0027,,,,,1.0,0.5555555555555556,0.0,,,
costa_caribe,costa_caribe_b0028,,,,,1.0,1.0,0.3125,,,
costa_caribe,costa_caribe_b0029,,,,,1.0,0.0,1.0,,,
costa_caribe,costa_caribe_b0030,,,,,1.0,0.0,0.3125,,,
costa_caribe,costa_caribe_b0031,,,,,1.0,0.6428571428571429,0.0,,,
costa_caribe,costa_caribe_b0032,,,,,1.0,0.5555555555555556,0.0,,,
costa_caribe,costa_caribe_b0033,,,,,0.955,0.2179487179487179,0.0,,,
costa_caribe,costa_caribe_b0034,,,,,1.0,0.3571428571428571,0.0,,,
costa_caribe,costa_caribe_b0035,,,,,1.0,0.0,0.2249999999999999,,,
costa_caribe,costa_caribe_b0036,,,,,1.0,0.9305555555555556,0.15625,,,
costa_caribe,costa_caribe_b0037,,,,,1.0,0.925925925925926,0.0,,,
costa_caribe,costa_caribe_b0038,,,,,1.0,0.1296296296296296,0.0,,,
costa_caribe,costa_caribe_b0039,,,,,1.0,0.3333333333333333,0.0,,,
costa_caribe,costa_caribe_b0040,,,,,1.0,0.1388888888888889,0.3541666666666667,,,
costa_caribe,costa_caribe_b0041,,,,,1.0,0.9500000000000002,0.0,,,
costa_caribe,costa_caribe_b0042,,,,,0.7,0.1111111111111111,0.1666666666666666,,,
costa_caribe,costa_caribe_b0043,,,,,0.6638888888888889,0.0,0.0,,,
costa_caribe,costa_caribe_b0044,,,,,0.8954545454545454,0.0,0.0,,,
costa_caribe,costa_caribe_b0045,,,,,1.0,0.6944444444444445,0.0,,,
costa_caribe,costa_caribe_b0046,,,,,1.0,1.0,0.0,,,
costa_caribe,costa_caribe_b0047,,,,,1.0,1.0,0.0,,,
costa_caribe,costa_caribe_b0048,,,,,1.0,0.0,0.0,,,
costa_caribe,costa_caribe_b0049,,,,,0.2473684210526316,0.0833333333333333,0.2249999999999999,,,
costa_caribe,costa_caribe_b0050,,,,,0.0944444444444444,0.1296296296296296,0.0,,,
costa_caribe,costa_caribe_b0051,,,,,1.0,1.0,1.0,,,
costa_caribe,costa_caribe_b0052,,,,,1.0,1.0,0.0,,,
costa_caribe,costa_caribe_b0053,,,,,0.9611111111111112,0.5555555555555556,0.7472222222222222,,,
costa_caribe,costa_caribe_b0054,,,,,1.0,0.6944444444444445,0.3749999999999999,,,
costa_caribe,costa_caribe_b0055,,,,,0.5041666666666667,0.2564102564102564,0.173076923076923,,,
costa_caribe,costa_caribe_b0056,,,,,0.3433333333333334,0.1111111111111111,0.0,,,
costa_caribe,costa_caribe_b0057,,,,,0.2764705882352941,0.2647058823529412,0.1323529411764706,,,
costa_caribe,costa_caribe_b0058,,,,,0.3973684210526316,0.2324561403508772,0.3157894736842105,,,
costa_caribe,costa_caribe_b0059,,,,,0.4653846153846154,0.0297619047619047,0.4821428571428571,,,
costa_caribe,costa_caribe_b0060,,,,,0.49,0.3333333333333333,0.3166666666666666,,,
costa_caribe,costa_caribe_b0061,,,,,0.0,0.0277777777777777,0.15,,,
costa_caribe,costa_caribe_b0062,,,,,0.0,0.2678571428571429,0.3392857142857142,,,
costa_caribe,costa_caribe_b0063,,,,,0.8733333333333333,0.0777777777777777,0.15,,,
costa_caribe,costa_caribe_b0064,,,,,0.5571428571428572,0.523809523809524,0.0,,,
costa_caribe,costa_caribe_b0065,,,,,0.3431818181818182,0.1666666666666666,0.0,,,
costa_caribe,costa_caribe_b0066,,,,,1.0,1.0,0.0,,,
costa_caribe,costa_caribe_b0067,,,,,1.0,0.7064814814814815,0.0,,,
costa_caribe,costa_caribe_b0068,,,,,1.0,0.7777777777777778,0.0,,,
costa_caribe,costa_caribe_b0069,,,,,1.0,0.5961538461538461,0.0,,,
costa_caribe,costa_caribe_b0070,,,,,0.675,0.2083333333333333,0.0,,,
costa_caribe,costa_caribe_b0071,,,,,0.33,0.25,0.0,,,
costa_caribe,costa_caribe_b0072,,,,,0.3294117647058823,0.2982456140350877,0.0,,,
costa_caribe,costa_caribe_b0073,,,,,1.0,0.0,0.0,,,
costa_caribe,costa_caribe_b0074,,,,,1.0,0.0,0.0,,,
costa_caribe,costa_caribe_b0075,,,,,1.0,0.8333333333333334,0.0,,,
costa_caribe,costa_caribe_b0076,,,,,0.6933333333333334,0.392156862745098,0.3970588235294118,,,
costa_caribe,costa_caribe_b0077,,,,,0.6066666666666667,0.3333333333333333,0.0,,,
costa_caribe,costa_caribe_b0078,,,,,0.4717647058823529,0.2941176470588235,0.1470588235294117,,,
costa_caribe,costa_caribe_b0079,,,,,1.0,0.2843137254901961,0.0,,,
costa_caribe,costa_caribe_b0080,,,,,0.2254166666666666,0.1180555555555555,0.309375,,,
costa_caribe,costa_caribe_b0081,,,,,1.0,0.2833333333333333,0.2249999999999999,,,
costa_caribe,costa_caribe_b0082,,,,,1.0,0.0,0.8749999999999999,,,
costa_caribe,costa_caribe_b0083,,,,,1.0,0.3,0.0,,,
costa_caribe,costa_caribe_b0084,,,,,1.0,0.3703703703703703,0.7500000000000001,,,
costa_caribe,costa_caribe_b0085,,,,,1.0,0.1666666666666666,0.0,,,
costa_caribe,costa_caribe_b0086,,,,,1.0,1.0,0.4499999999999999,,,
costa_caribe,costa_caribe_b0087,,,,,1.0,1.0,0.0,,,
costa_caribe,costa_caribe_b0088,,,,,1.0,0.0757575757575757,0.0,,,
costa_caribe,costa_caribe_b0089,,,,,1.0,0.4166666666666667,0.0,,,
costa_caribe,costa_caribe_b0090,,,,,0.52,0.0,0.0,,,
costa_caribe,costa_caribe_b0091,,,,,1.0,0.4047619047619047,0.3571428571428571,,,
costa_caribe,costa_caribe_b0092,,,,,1.0,0.5256410256410257,0.0,,,
costa_caribe,costa_caribe_b0093,,,,,1.0,0.5,0.0,,,
costa_caribe,costa_caribe_b0094,,,,,1.0,0.5128205128205129,0.0,,,
costa_caribe,costa_caribe_b0095,,,,,1.0,0.8333333333333334,0.0,,,
costa_caribe,costa_caribe_b0096,,,,,1.0,0.1282051282051282,0.0,,,
costa_caribe,costa_caribe_b0097,,,,,0.6666666666666666,0.0,0.0,,,
costa_caribe,costa_caribe_b0098,,,,,0.7166666666666667,0.0,0.0,,,
costa_caribe,costa_caribe_b0099,,,,,1.0,0.5555555555555556,0.0,,,
costa_caribe,costa_caribe_b0100,,,,,0.1954545454545454,0.0694444444444444,0.103125,,,
costa_caribe,costa_caribe_b0101,,,,,0.5269230769230769,0.0,0.0,,,
costa_caribe,costa_caribe_b0102,,,,,0.6166666666666667,0.0,0.0,,,
costa_caribe,costa_caribe_b0103,,,,,0.23,0.1111111111111111,0.15,,,
costa_caribe,costa_caribe_b0104,,,,,0.25,0.2777777777777778,0.0,,,
costa_caribe,costa_caribe_b0105,,,,,0.5375,0.0,0.0,,,
costa_caribe,costa_caribe_b0106,,,,,0.7769230769230769,0.2564102564102564,0.0,,,
costa_caribe,costa_caribe_b0107,,,,,1.0,0.0,0.3863636363636364,,,
costa_caribe,costa_caribe_b0108,,,,,1.0,0.2777777777777778,0.1874999999999999,,,
costa_caribe,costa_caribe_b0109,,,,,0.5684210526315789,0.0,0.0,,,
costa_caribe,costa_caribe_b0110,,,,,0.96875,1.0,0.0,,,
costa_caribe,costa_caribe_b0111,,,,,1.0,1.0,0.0,,,
costa_caribe,costa_caribe_b0112,,,,,0.7454545454545454,0.6944444444444445,0.0,,,
costa_caribe,costa_caribe_b0113,,,,,1.0,1.0,0.0,,,
costa_caribe,costa_caribe_b0114,,,,,1.0,1.0,0.0,,,
costa_caribe,costa_caribe_b0115,,,,,1.0,1.0,1.0,,,
costa_caribe,costa_caribe_b0116,,,,,1.0,1.0,1.0,,,
costa_caribe,costa_caribe_b0117,,,,,1.0,1.0,0.0,,,
costa_caribe,costa_caribe_b0118,,,,,1.0,0.2916666666666667,0.0,,,
costa_caribe,costa_caribe_b0119,,,,,1.0,0.8333333333333334,0.0,,,
costa_caribe,costa_caribe_b0120,,,,,1.0,0.7708333333333334,0.28125,,,
costa_caribe,costa_caribe_b0121,,,,,0.8666666666666667,0.5555555555555556,0.3333333333333333,,,
costa_caribe,costa_caribe_b0122,,,,,1.0,1.0,0.0,,,
costa_caribe,costa_caribe_b0123,,,,,1.0,0.8333333333333334,0.0,,,
costa_caribe,costa_caribe_b0124,,,,,0.65,0.0,0.0,,,
costa_caribe,costa_caribe_b0125,,,,,1.0,0.8,1.0,,,
costa_caribe,costa_caribe_b0126,,,,,0.2043478260869565,0.0694444444444444,0.0,,,
costa_caribe,costa_caribe_b0127,,,,,0.3727272727272727,0.0,0.2152173913043478,,,
costa_caribe,costa_caribe_b0128,,,,,0.6153846153846154,0.0777777777777777,0.29,,,
