w_y1,w_SA,w_NV,d_cohen,p_valor,sig
0.05,0.05,0.9,0.0044,0.056,n.s.
0.05,0.1,0.85,0.0072,0.0683,n.s.
0.05,0.15,0.8,0.0102,0.1212,n.s.
0.05,0.2,0.75,0.0133,0.1803,n.s.
0.05,0.25,0.7,0.0166,0.3153,n.s.
0.05,0.3,0.65,0.02,0.4092,n.s.
0.05,0.35,0.6,0.0235,0.4915,n.s.
0.05,0.4,0.55,0.027,0.5266,n.s.
0.05,0.45,0.5,0.0304,0.5581,n.s.
0.05,0.5,0.45,0.0338,0.7184,n.s.
0.05,0.55,0.4,0.037,0.731,n.s.
0.05,0.6,0.35,0.04,0.7487,n.s.
0.05,0.65,0.3,0.0427,0.8173,n.s.
0.05,0.7,0.25,0.0452,0.8326,n.s.
0.05,0.75,0.2,0.0474,0.8768,n.s.
0.05,0.8,0.15,0.0493,0.9446,n.s.
0.05,0.85,0.1,0.0509,0.9113,n.s.
0.05,0.9,0.05,0.0523,0.682,n.s.
0.1,0.05,0.85,0.0133,0.0671,n.s.
0.1,0.1,0.8,0.011,0.0833,n.s.
0.1,0.15,0.75,0.0085,0.1735,n.s.
0.1,0.2,0.7,0.0058,0.252,n.s.
0.1,0.25,0.65,0.0029,0.3746,n.s.
0.1,0.3,0.6,0.0002,0.5248,n.s.
0.1,0.35,0.55,0.0034,0.5618,n.s.
0.1,0.4,0.5,0.0067,0.6165,n.s.
0.1,0.45,0.45,0.0101,0.6616,n.s.
0.1,0.5,0.4,0.0134,0.8356,n.s.
0.1,0.55,0.35,0.0167,0.887,n.s.
0.1,0.6,0.3,0.0198,0.9699,n.s.
0.1,0.65,0.25,0.0228,0.998,n.s.
0.1,0.7,0.2,0.0256,0.9437,n.s.
0.1,0.75,0.15,0.0281,0.8579,n.s.
0.1,0.8,0.1,0.0304,0.6596,n.s.
0.1,0.85,0.05,0.0325,0.3898,n.s.
0.15,0.05,0.8,0.0328,0.0827,n.s.
0.15,0.1,0.75,0.0311,0.1055,n.s.
0.15,0.15,0.7,0.0291,0.2155,n.s.
0.15,0.2,0.65,0.0269,0.3103,n.s.
0.15,0.25,0.6,0.0245,0.4577,n.s.
0.15,0.3,0.55,0.0218,0.6193,n.s.
0.15,0.35,0.5,0.0188,0.6836,n.s.
0.15,0.4,0.45,0.0157,0.7538,n.s.
0.15,0.45,0.4,0.0123,0.9423,n.s.
0.15,0.5,0.35,0.0089,0.9926,n.s.
0.15,0.55,0.3,0.0054,0.8914,n.s.
0.15,0.6,0.25,0.002,0.8667,n.s.
0.15,0.65,0.2,0.0014,0.7992,n.s.
0.15,0.7,0.15,0.0047,0.6915,n.s.
0.15,0.75,0.1,0.0077,0.4828,n.s.
0.15,0.8,0.05,0.0106,0.2586,n.s.
0.2,0.05,0.75,0.0541,0.1075,n.s.
0.2,0.1,0.7,0.0531,0.1429,n.s.
0.2,0.15,0.65,0.0519,0.2819,n.s.
0.2,0.2,0.6,0.0503,0.4426,n.s.
0.2,0.25,0.55,0.0484,0.6296,n.s.
0.2,0.3,0.5,0.046,0.7474,n.s.
0.2,0.35,0.45,0.0433,0.8199,n.s.
0.2,0.4,0.4,0.0403,0.8865,n.s.
0.2,0.45,0.35,0.0369,0.9135,n.s.
0.2,0.5,0.3,0.0332,0.8492,n.s.
0.2,0.55,0.25,0.0294,0.7386,n.s.
0.2,0.6,0.2,0.0254,0.6572,n.s.
0.2,0.65,0.15,0.0214,0.548,n.s.
0.2,0.7,0.1,0.0175,0.3822,n.s.
0.2,0.75,0.05,0.0137,0.2009,n.s.
0.25,0.05,0.7,0.0777,0.1401,n.s.
0.25,0.1,0.65,0.0775,0.1864,n.s.
0.25,0.15,0.6,0.0771,0.3522,n.s.
0.25,0.2,0.55,0.0762,0.5854,n.s.
0.25,0.25,0.5,0.0748,0.7961,n.s.
0.25,0.3,0.45,0.0729,0.8689,n.s.
0.25,0.35,0.4,0.0704,0.9557,n.s.
0.25,0.4,0.35,0.0673,0.8422,n.s.
0.25,0.45,0.3,0.0637,0.7546,n.s.
0.25,0.5,0.25,0.0596,0.6216,n.s.
0.25,0.55,0.2,0.0552,0.5443,n.s.
0.25,0.6,0.15,0.0505,0.4426,n.s.
0.25,0.65,0.1,0.0456,0.2989,n.s.
0.25,0.7,0.05,0.0408,0.1608,n.s.
0.3,0.05,0.65,0.1036,0.1796,n.s.
0.3,0.1,0.6,0.1045,0.2676,n.s.
0.3,0.15,0.55,0.105,0.489,n.s.
0.3,0.2,0.5,0.1049,0.6968,n.s.
0.3,0.25,0.45,0.1041,0.9259,n.s.
0.3,0.3,0.4,0.1026,0.9797,n.s.
0.3,0.35,0.35,0.1002,0.8865,n.s.
0.3,0.4,0.3,0.0969,0.6751,n.s.
0.3,0.45,0.25,0.0928,0.5325,n.s.
0.3,0.5,0.2,0.088,0.4526,n.s.
0.3,0.55,0.15,0.0826,0.3592,n.s.
0.3,0.6,0.1,0.0769,0.2486,n.s.
0.3,0.65,0.05,0.0709,0.1255,n.s.
0.35,0.05,0.6,0.1322,0.2271,n.s.
0.35,0.1,0.55,0.1343,0.374,n.s.
0.35,0.15,0.5,0.1359,0.5978,n.s.
0.35,0.2,0.45,0.1366,0.9042,n.s.
0.35,0.25,0.4,0.1365,0.9339,n.s.
0.35,0.3,0.35,0.1352,0.8139,n.s.
0.35,0.35,0.3,0.1327,0.5947,n.s.
0.35,0.4,0.25,0.129,0.4898,n.s.
0.35,0.45,0.2,0.1241,0.3822,n.s.
0.35,0.5,0.15,0.1182,0.2917,n.s.
0.35,0.55,0.1,0.1116,0.199,n.s.
0.35,0.6,0.05,0.1044,0.098,n.s.
0.4,0.05,0.55,0.1637,0.2834,n.s.
0.4,0.1,0.5,0.1672,0.5143,n.s.
0.4,0.15,0.45,0.1699,0.7725,n.s.
0.4,0.2,0.4,0.1716,0.8936,n.s.
0.4,0.25,0.35,0.172,0.7807,n.s.
0.4,0.3,0.3,0.1708,0.6491,n.s.
0.4,0.35,0.25,0.1679,0.4419,n.s.
0.4,0.4,0.2,0.1634,0.3208,n.s.
0.4,0.45,0.15,0.1573,0.2398,n.s.
0.4,0.5,0.1,0.1499,0.17,n.s.
0.4,0.55,0.05,0.1416,0.0825,n.s.
0.45,0.05,0.5,0.1984,0.3595,n.s.
0.45,0.1,0.45,0.2034,0.6467,n.s.
0.45,0.15,0.4,0.2074,0.9895,n.s.
0.45,0.2,0.35,0.21,0.7339,n.s.
0.45,0.25,0.3,0.2107,0.6013,n.s.
0.45,0.3,0.25,0.2093,0.4044,n.s.
0.45,0.35,0.2,0.2056,0.3129,n.s.
0.45,0.4,0.15,0.1997,0.2055,n.s.
0.45,0.45,0.1,0.1919,0.1446,n.s.
0.45,0.5,0.05,0.1825,0.0738,n.s.
0.5,0.05,0.45,0.2363,0.4614,n.s.
0.5,0.1,0.4,0.243,0.7837,n.s.
0.5,0.15,0.35,0.2483,0.8382,n.s.
0.5,0.2,0.3,0.2516,0.592,n.s.
0.5,0.25,0.25,0.2524,0.4669,n.s.
0.5,0.3,0.2,0.2503,0.2693,n.s.
0.5,0.35,0.15,0.2453,0.1809,n.s.
0.5,0.4,0.1,0.2374,0.1217,n.s.
0.5,0.45,0.05,0.2273,0.0648,n.s.
0.55,0.05,0.4,0.2776,0.5782,n.s.
0.55,0.1,0.35,0.286,0.9815,n.s.
0.55,0.15,0.3,0.2924,0.5721,n.s.
0.55,0.2,0.25,0.2961,0.4334,n.s.
0.55,0.25,0.2,0.2964,0.2468,n.s.
0.55,0.3,0.15,0.2931,0.1573,n.s.
0.55,0.35,0.1,0.286,0.1058,n.s.
0.55,0.4,0.05,0.2756,0.0591,n.s.
0.6,0.05,0.35,0.3219,0.7014,n.s.
0.6,0.1,0.3,0.3319,0.7708,n.s.
0.6,0.15,0.25,0.3391,0.4311,n.s.
0.6,0.2,0.2,0.3427,0.3039,n.s.
0.6,0.25,0.15,0.342,0.161,n.s.
0.6,0.3,0.1,0.3365,0.0908,n.s.
0.6,0.35,0.05,0.3266,0.0517,n.s.
0.65,0.05,0.3,0.3689,0.8989,n.s.
0.65,0.1,0.25,0.3801,0.5465,n.s.
0.65,0.15,0.2,0.3876,0.3008,n.s.
0.65,0.2,0.15,0.3904,0.1542,n.s.
0.65,0.25,0.1,0.3876,0.0825,n.s.
0.65,0.3,0.05,0.3793,0.0529,n.s.
0.7,0.05,0.25,0.4175,0.7931,n.s.
0.7,0.1,0.2,0.4294,0.3178,n.s.
0.7,0.15,0.15,0.4364,0.2011,n.s.
0.7,0.2,0.1,0.4373,0.0746,n.s.
0.7,0.25,0.05,0.4317,0.0517,n.s.
0.75,0.05,0.2,0.4665,0.6165,n.s.
0.75,0.1,0.15,0.4781,0.2148,n.s.
0.75,0.15,0.1,0.4836,0.0843,n.s.
0.75,0.2,0.05,0.4817,0.0501,n.s.
0.8,0.05,0.15,0.5141,0.3592,n.s.
0.8,0.1,0.1,0.5244,0.1265,n.s.
0.8,0.15,0.05,0.5271,0.0483,*
0.85,0.05,0.1,0.5582,0.1462,n.s.
0.85,0.1,0.05,0.566,0.0463,*
0.9,0.05,0.05,0.5971,0.0846,n.s.
